Workbook

Sheet Query_Interface
A1: ChromaCodex Query Interface
A2: Choose filter values below. Use All to include every value. Results appear on Query_Results.
A4: FILTER FIELD | B4: SELECT VALUE | D4: Status / Notes
A5: Brand | B5: All | D5: Dropdown is populated from Query_Filter_Lists, which is rebuilt from live database tables.
A6: Medium | B6: All | D6: Dropdown is populated from Query_Filter_Lists, which is rebuilt from live database tables.
A7: Product Line | B7: All | D7: Dropdown is populated from Query_Filter_Lists, which is rebuilt from live database tables.
A8: Pigment Code | B8: All | D8: Dropdown is populated from Query_Filter_Lists, which is rebuilt from live database tables.
A9: Color Family | B9: All | D9: Dropdown is populated from Query_Filter_Lists, which is rebuilt from live database tables.
A10: Transparency | B10: All | D10: Dropdown is populated from Query_Filter_Lists, which is rebuilt from live database tables.
A11: Permanence | B11: All | D11: Dropdown is populated from Query_Filter_Lists, which is rebuilt from live database tables.
A12: Single Pigment | B12: All | D12: Dropdown is populated from Query_Filter_Lists, which is rebuilt from live database tables.
A14: REPORT OUTPUT
A15: Go to Query_Results to view the filtered report. Query_Source_View contains the helper formulas.
A17: Important
A18: This version uses the Pigments table to populate the Pigment Code dropdown and uses Paint_Pigments to validate paint-pigment links.

Sheet Query_Results
A1: ChromaCodex Query Results
A2: Results update from Query_Interface selections. Use All to include every value.
A4: Matching Record Count | B4: =COUNTIF(Query_Source_View!$Y$2:$Y$1000,1) -> 352
A5: Brand | B5: =Query_Interface!B5 -> All
A6: Medium | B6: =Query_Interface!B6 -> All
A7: Product Line | B7: =Query_Interface!B7 -> All
A8: Pigment Code | B8: =Query_Interface!B8 -> All
A9: Color Family | B9: =Query_Interface!B9 -> All
A10: Transparency | B10: =Query_Interface!B10 -> All
A11: Permanence | B11: =Query_Interface!B11 -> All
A12: Single Pigment | B12: =Query_Interface!B12 -> All
A14: Paint_ID | B14: Brand_Name | C14: Medium | D14: Product_Line_Name | E14: Paint_Name | F14: Color_Family | G14: Pigment_Code | H14: Pigment_Count | I14: Single_Pigment | J14: Transparency | K14: Permanence | L14: ASTM_Rating | M14: WN_Series_Number | N14: Verification_Status | O14: Source_URL
A15: =IFERROR(INDEX(Query_Source_View!$A:$A,MATCH(ROW()-14,Query_Source_View!$Z:$Z,0)),"") -> PNT000001 | B15: =IFERROR(INDEX(Query_Source_View!$D:$D,MATCH(ROW()-14,Query_Source_View!$Z:$Z,0)),"") -> Winsor And Newton | C15: =IFERROR(INDEX(Query_Source_View!$F:$F,MATCH(ROW()-14,Query_Source_View!$Z:$Z,0)),"") -> Oil | D15: =IFERROR(INDEX(Query_Source_View!$H:$H,MATCH(ROW()-14,Query_Source_View!$Z:$Z,0)),"") -> Artists Oil | E15: =IFERROR(INDEX(Query_Source_View!$J:$J,MATCH(ROW()-14,Query_Source_View!$Z:$Z,0)),"") -> Alizarin Crimson | F15: =IFERROR(INDEX(Query_Source_View!$L:$L,MATCH(ROW()-14,Query_Source_View!$Z:$Z,0)),"") -> Red | G15: =IFERROR(INDEX(Query_Source_View!$N:$N,MATCH(ROW()-14,Query_Source_View!$Z:$Z,0)),"") -> PR83 | H15: =IFERROR(INDEX(Query_Source_View!$P:$P,MATCH(ROW()-14,Query_Source_View!$Z:$Z,0)),"") -> 1 | I15: =IFERROR(INDEX(Query_Source_View!$Q:$Q,MATCH(ROW()-14,Query_Source_View!$Z:$Z,0)),"") -> Yes | J15: =IFERROR(INDEX(Query_Source_View!$R:$R,MATCH(ROW()-14,Query_Source_View!$Z:$Z,0)),"") -> 0 | K15: =IFERROR(INDEX(Query_Source_View!$T:$T,MATCH(ROW()-14,Query_Source_View!$Z:$Z,0)),"") -> B | L15: =IFERROR(INDEX(Query_Source_View!$U:$U,MATCH(ROW()-14,Query_Source_View!$Z:$Z,0)),"") -> 0 | M15: =IFERROR(INDEX(Query_Source_View!$V:$V,MATCH(ROW()-14,Query_Source_View!$Z:$Z,0)),"") -> 0 | N15: =IFERROR(INDEX(Query_Source_View!$W:$W,MATCH(ROW()-14,Query_Source_View!$Z:$Z,0)),"") -> Needs Review | O15: =IFERROR(INDEX(Query_Source_View!$X:$X,MATCH(ROW()-14,Query_Source_View!$Z:$Z,0)),"") -> https://sensuallogic.com/artistcolordata
A16: =IFERROR(INDEX(Query_Source_View!$A:$A,MATCH(ROW()-14,Query_Source_View!$Z:$Z,0)),"") -> PNT000002 | B16: =IFERROR(INDEX(Query_Source_View!$D:$D,MATCH(ROW()-14,Query_Source_View!$Z:$Z,0)),"") -> Winsor And Newton | C16: =IFERROR(INDEX(Query_Source_View!$F:$F,MATCH(ROW()-14,Query_Source_View!$Z:$Z,0)),"") -> Oil | D16: =IFERROR(INDEX(Query_Source_View!$H:$H,MATCH(ROW()-14,Query_Source_View!$Z:$Z,0)),"") -> Artists Oil | E16: =IFERROR(INDEX(Query_Source_View!$J:$J,MATCH(ROW()-14,Query_Source_View!$Z:$Z,0)),"") -> Bismuth Yellow | F16: =IFERROR(INDEX(Query_Source_View!$L:$L,MATCH(ROW()-14,Query_Source_View!$Z:$Z,0)),"") -> Yellow | G16: =IFERROR(INDEX(Query_Source_View!$N:$N,MATCH(ROW()-14,Query_Source_View!$Z:$Z,0)),"") -> PY184 | H16: =IFERROR(INDEX(Query_Source_View!$P:$P,MATCH(ROW()-14,Query_Source_View!$Z:$Z,0)),"") -> 1 | I16: =IFERROR(INDEX(Query_Source_View!$Q:$Q,MATCH(ROW()-14,Query_Source_View!$Z:$Z,0)),"") -> Yes | J16: =IFERROR(INDEX(Query_Source_View!$R:$R,MATCH(ROW()-14,Query_Source_View!$Z:$Z,0)),"") -> 0 | K16: =IFERROR(INDEX(Query_Source_View!$T:$T,MATCH(ROW()-14,Query_Source_View!$Z:$Z,0)),"") -> A | L16: =IFERROR(INDEX(Query_Source_View!$U:$U,MATCH(ROW()-14,Query_Source_View!$Z:$Z,0)),"") -> 0 | M16: =IFERROR(INDEX(Query_Source_View!$V:$V,MATCH(ROW()-14,Query_Source_View!$Z:$Z,0)),"") -> 0 | N16: =IFERROR(INDEX(Query_Source_View!$W:$W,MATCH(ROW()-14,Query_Source_View!$Z:$Z,0)),"") -> Needs Review | O16: =IFERROR(INDEX(Query_Source_View!$X:$X,MATCH(ROW()-14,Query_Source_View!$Z:$Z,0)),"") -> https://sensuallogic.com/artistcolordata
A17: =IFERROR(INDEX(Query_Source_View!$A:$A,MATCH(ROW()-14,Query_Source_View!$Z:$Z,0)),"") -> PNT000003 | B17: =IFERROR(INDEX(Query_Source_View!$D:$D,MATCH(ROW()-14,Query_Source_View!$Z:$Z,0)),"") -> Winsor And Newton | C17: =IFERROR(INDEX(Query_Source_View!$F:$F,MATCH(ROW()-14,Query_Source_View!$Z:$Z,0)),"") -> Oil | D17: =IFERROR(INDEX(Query_Source_View!$H:$H,MATCH(ROW()-14,Query_Source_View!$Z:$Z,0)),"") -> Artists Oil | E17: =IFERROR(INDEX(Query_Source_View!$J:$J,MATCH(ROW()-14,Query_Source_View!$Z:$Z,0)),"") -> Bright Red | F17: =IFERROR(INDEX(Query_Source_View!$L:$L,MATCH(ROW()-14,Query_Source_View!$Z:$Z,0)),"") -> Red | G17: =IFERROR(INDEX(Query_Source_View!$N:$N,MATCH(ROW()-14,Query_Source_View!$Z:$Z,0)),"") -> PR | H17: =IFERROR(INDEX(Query_Source_View!$P:$P,MATCH(ROW()-14,Query_Source_View!$Z:$Z,0)),"") -> 1 | I17: =IFERROR(INDEX(Query_Source_View!$Q:$Q,MATCH(ROW()-14,Query_Source_View!$Z:$Z,0)),"") -> Yes | J17: =IFERROR(INDEX(Query_Source_View!$R:$R,MATCH(ROW()-14,Query_Source_View!$Z:$Z,0)),"") -> 0 | K17: =IFERROR(INDEX(Query_Source_View!$T:$T,MATCH(ROW()-14,Query_Source_View!$Z:$Z,0)),"") -> A | L17: =IFERROR(INDEX(Query_Source_View!$U:$U,MATCH(ROW()-14,Query_Source_View!$Z:$Z,0)),"") -> 0 | M17: =IFERROR(INDEX(Query_Source_View!$V:$V,MATCH(ROW()-14,Query_Source_View!$Z:$Z,0)),"") -> 0 | N17: =IFERROR(INDEX(Query_Source_View!$W:$W,MATCH(ROW()-14,Query_Source_View!$Z:$Z,0)),"") -> Needs Review | O17: =IFERROR(INDEX(Query_Source_View!$X:$X,MATCH(ROW()-14,Query_Source_View!$Z:$Z,0)),"") -> https://sensuallogic.com/artistcolordata
A18: =IFERROR(INDEX(Query_Source_View!$A:$A,MATCH(ROW()-14,Query_Source_View!$Z:$Z,0)),"") -> PNT000004 | B18: =IFERROR(INDEX(Query_Source_View!$D:$D,MATCH(ROW()-14,Query_Source_View!$Z:$Z,0)),"") -> Winsor And Newton | C18: =IFERROR(INDEX(Query_Source_View!$F:$F,MATCH(ROW()-14,Query_Source_View!$Z:$Z,0)),"") -> Oil | D18: =IFERROR(INDEX(Query_Source_View!$H:$H,MATCH(ROW()-14,Query_Source_View!$Z:$Z,0)),"") -> Artists Oil | E18: =IFERROR(INDEX(Query_Source_View!$J:$J,MATCH(ROW()-14,Query_Source_View!$Z:$Z,0)),"") -> Burnt Sienna | F18: =IFERROR(INDEX(Query_Source_View!$L:$L,MATCH(ROW()-14,Query_Source_View!$Z:$Z,0)),"") -> Orange | G18: =IFERROR(INDEX(Query_Source_View!$N:$N,MATCH(ROW()-14,Query_Source_View!$Z:$Z,0)),"") -> PR101 | H18: =IFERROR(INDEX(Query_Source_View!$P:$P,MATCH(ROW()-14,Query_Source_View!$Z:$Z,0)),"") -> 1 | I18: =IFERROR(INDEX(Query_Source_View!$Q:$Q,MATCH(ROW()-14,Query_Source_View!$Z:$Z,0)),"") -> Yes | J18: =IFERROR(INDEX(Query_Source_View!$R:$R,MATCH(ROW()-14,Query_Source_View!$Z:$Z,0)),"") -> 0 | K18: =IFERROR(INDEX(Query_Source_View!$T:$T,MATCH(ROW()-14,Query_Source_View!$Z:$Z,0)),"") -> AA | L18: =IFERROR(INDEX(Query_Source_View!$U:$U,MATCH(ROW()-14,Query_Source_View!$Z:$Z,0)),"") -> 0 | M18: =IFERROR(INDEX(Query_Source_View!$V:$V,MATCH(ROW()-14,Query_Source_View!$Z:$Z,0)),"") -> 0 | N18: =IFERROR(INDEX(Query_Source_View!$W:$W,MATCH(ROW()-14,Query_Source_View!$Z:$Z,0)),"") -> Needs Review | O18: =IFERROR(INDEX(Query_Source_View!$X:$X,MATCH(ROW()-14,Query_Source_View!$Z:$Z,0)),"") -> https://sensuallogic.com/artistcolordata
A19: =IFERROR(INDEX(Query_Source_View!$A:$A,MATCH(ROW()-14,Query_Source_View!$Z:$Z,0)),"") -> PNT000005 | B19: =IFERROR(INDEX(Query_Source_View!$D:$D,MATCH(ROW()-14,Query_Source_View!$Z:$Z,0)),"") -> Winsor And Newton | C19: =IFERROR(INDEX(Query_Source_View!$F:$F,MATCH(ROW()-14,Query_Source_View!$Z:$Z,0)),"") -> Oil | D19: =IFERROR(INDEX(Query_Source_View!$H:$H,MATCH(ROW()-14,Query_Source_View!$Z:$Z,0)),"") -> Artists Oil | E19: =IFERROR(INDEX(Query_Source_View!$J:$J,MATCH(ROW()-14,Query_Source_View!$Z:$Z,0)),"") -> Cadmium Lemon | F19: =IFERROR(INDEX(Query_Source_View!$L:$L,MATCH(ROW()-14,Query_Source_View!$Z:$Z,0)),"") -> Yellow | G19: =IFERROR(INDEX(Query_Source_View!$N:$N,MATCH(ROW()-14,Query_Source_View!$Z:$Z,0)),"") -> PY35 | H19: =IFERROR(INDEX(Query_Source_View!$P:$P,MATCH(ROW()-14,Query_Source_View!$Z:$Z,0)),"") -> 1 | I19: =IFERROR(INDEX(Query_Source_View!$Q:$Q,MATCH(ROW()-14,Query_Source_View!$Z:$Z,0)),"") -> Yes | J19: =IFERROR(INDEX(Query_Source_View!$R:$R,MATCH(ROW()-14,Query_Source_View!$Z:$Z,0)),"") -> 0 | K19: =IFERROR(INDEX(Query_Source_View!$T:$T,MATCH(ROW()-14,Query_Source_View!$Z:$Z,0)),"") -> A | L19: =IFERROR(INDEX(Query_Source_View!$U:$U,MATCH(ROW()-14,Query_Source_View!$Z:$Z,0)),"") -> 0 | M19: =IFERROR(INDEX(Query_Source_View!$V:$V,MATCH(ROW()-14,Query_Source_View!$Z:$Z,0)),"") -> 0 | N19: =IFERROR(INDEX(Query_Source_View!$W:$W,MATCH(ROW()-14,Query_Source_View!$Z:$Z,0)),"") -> Needs Review | O19: =IFERROR(INDEX(Query_Source_View!$X:$X,MATCH(ROW()-14,Query_Source_View!$Z:$Z,0)),"") -> https://sensuallogic.com/artistcolordata
A20: =IFERROR(INDEX(Query_Source_View!$A:$A,MATCH(ROW()-14,Query_Source_View!$Z:$Z,0)),"") -> PNT000006 | B20: =IFERROR(INDEX(Query_Source_View!$D:$D,MATCH(ROW()-14,Query_Source_View!$Z:$Z,0)),"") -> Winsor And Newton | C20: =IFERROR(INDEX(Query_Source_View!$F:$F,MATCH(ROW()-14,Query_Source_View!$Z:$Z,0)),"") -> Oil | D20: =IFERROR(INDEX(Query_Source_View!$H:$H,MATCH(ROW()-14,Query_Source_View!$Z:$Z,0)),"") -> Artists Oil | E20: =IFERROR(INDEX(Query_Source_View!$J:$J,MATCH(ROW()-14,Query_Source_View!$Z:$Z,0)),"") -> Cadmium Red | F20: =IFERROR(INDEX(Query_Source_View!$L:$L,MATCH(ROW()-14,Query_Source_View!$Z:$Z,0)),"") -> Red | G20: =IFERROR(INDEX(Query_Source_View!$N:$N,MATCH(ROW()-14,Query_Source_View!$Z:$Z,0)),"") -> PR108 | H20: =IFERROR(INDEX(Query_Source_View!$P:$P,MATCH(ROW()-14,Query_Source_View!$Z:$Z,0)),"") -> 1 | I20: =IFERROR(INDEX(Query_Source_View!$Q:$Q,MATCH(ROW()-14,Query_Source_View!$Z:$Z,0)),"") -> Yes | J20: =IFERROR(INDEX(Query_Source_View!$R:$R,MATCH(ROW()-14,Query_Source_View!$Z:$Z,0)),"") -> 0 | K20: =IFERROR(INDEX(Query_Source_View!$T:$T,MATCH(ROW()-14,Query_Source_View!$Z:$Z,0)),"") -> A | L20: =IFERROR(INDEX(Query_Source_View!$U:$U,MATCH(ROW()-14,Query_Source_View!$Z:$Z,0)),"") -> 0 | M20: =IFERROR(INDEX(Query_Source_View!$V:$V,MATCH(ROW()-14,Query_Source_View!$Z:$Z,0)),"") -> 0 | N20: =IFERROR(INDEX(Query_Source_View!$W:$W,MATCH(ROW()-14,Query_Source_View!$Z:$Z,0)),"") -> Needs Review | O20: =IFERROR(INDEX(Query_Source_View!$X:$X,MATCH(ROW()-14,Query_Source_View!$Z:$Z,0)),"") -> https://sensuallogic.com/artistcolordata
A21: =IFERROR(INDEX(Query_Source_View!$A:$A,MATCH(ROW()-14,Query_Source_View!$Z:$Z,0)),"") -> PNT000007 | B21: =IFERROR(INDEX(Query_Source_View!$D:$D,MATCH(ROW()-14,Query_Source_View!$Z:$Z,0)),"") -> Winsor And Newton | C21: =IFERROR(INDEX(Query_Source_View!$F:$F,MATCH(ROW()-14,Query_Source_View!$Z:$Z,0)),"") -> Oil | D21: =IFERROR(INDEX(Query_Source_View!$H:$H,MATCH(ROW()-14,Query_Source_View!$Z:$Z,0)),"") -> Artists Oil | E21: =IFERROR(INDEX(Query_Source_View!$J:$J,MATCH(ROW()-14,Query_Source_View!$Z:$Z,0)),"") -> Cadmium Yellow | F21: =IFERROR(INDEX(Query_Source_View!$L:$L,MATCH(ROW()-14,Query_Source_View!$Z:$Z,0)),"") -> Yellow | G21: =IFERROR(INDEX(Query_Source_View!$N:$N,MATCH(ROW()-14,Query_Source_View!$Z:$Z,0)),"") -> PY35 | H21: =IFERROR(INDEX(Query_Source_View!$P:$P,MATCH(ROW()-14,Query_Source_View!$Z:$Z,0)),"") -> 1 | I21: =IFERROR(INDEX(Query_Source_View!$Q:$Q,MATCH(ROW()-14,Query_Source_View!$Z:$Z,0)),"") -> Yes | J21: =IFERROR(INDEX(Query_Source_View!$R:$R,MATCH(ROW()-14,Query_Source_View!$Z:$Z,0)),"") -> 0 | K21: =IFERROR(INDEX(Query_Source_View!$T:$T,MATCH(ROW()-14,Query_Source_View!$Z:$Z,0)),"") -> A | L21: =IFERROR(INDEX(Query_Source_View!$U:$U,MATCH(ROW()-14,Query_Source_View!$Z:$Z,0)),"") -> 0 | M21: =IFERROR(INDEX(Query_Source_View!$V:$V,MATCH(ROW()-14,Query_Source_View!$Z:$Z,0)),"") -> 0 | N21: =IFERROR(INDEX(Query_Source_View!$W:$W,MATCH(ROW()-14,Query_Source_View!$Z:$Z,0)),"") -> Needs Review | O21: =IFERROR(INDEX(Query_Source_View!$X:$X,MATCH(ROW()-14,Query_Source_View!$Z:$Z,0)),"") -> https://sensuallogic.com/artistcolordata
A22: =IFERROR(INDEX(Query_Source_View!$A:$A,MATCH(ROW()-14,Query_Source_View!$Z:$Z,0)),"") -> PNT000008 | B22: =IFERROR(INDEX(Query_Source_View!$D:$D,MATCH(ROW()-14,Query_Source_View!$Z:$Z,0)),"") -> Winsor And Newton | C22: =IFERROR(INDEX(Query_Source_View!$F:$F,MATCH(ROW()-14,Query_Source_View!$Z:$Z,0)),"") -> Oil | D22: =IFERROR(INDEX(Query_Source_View!$H:$H,MATCH(ROW()-14,Query_Source_View!$Z:$Z,0)),"") -> Artists Oil | E22: =IFERROR(INDEX(Query_Source_View!$J:$J,MATCH(ROW()-14,Query_Source_View!$Z:$Z,0)),"") -> Cadmium Yellow Deep | F22: =IFERROR(INDEX(Query_Source_View!$L:$L,MATCH(ROW()-14,Query_Source_View!$Z:$Z,0)),"") -> Yellow | G22: =IFERROR(INDEX(Query_Source_View!$N:$N,MATCH(ROW()-14,Query_Source_View!$Z:$Z,0)),"") -> PO20 | H22: =IFERROR(INDEX(Query_Source_View!$P:$P,MATCH(ROW()-14,Query_Source_View!$Z:$Z,0)),"") -> 2 | I22: =IFERROR(INDEX(Query_Source_View!$Q:$Q,MATCH(ROW()-14,Query_Source_View!$Z:$Z,0)),"") -> No | J22: =IFERROR(INDEX(Query_Source_View!$R:$R,MATCH(ROW()-14,Query_Source_View!$Z:$Z,0)),"") -> 0 | K22: =IFERROR(INDEX(Query_Source_View!$T:$T,MATCH(ROW()-14,Query_Source_View!$Z:$Z,0)),"") -> A | L22: =IFERROR(INDEX(Query_Source_View!$U:$U,MATCH(ROW()-14,Query_Source_View!$Z:$Z,0)),"") -> 0 | M22: =IFERROR(INDEX(Query_Source_View!$V:$V,MATCH(ROW()-14,Query_Source_View!$Z:$Z,0)),"") -> 0 | N22: =IFERROR(INDEX(Query_Source_View!$W:$W,MATCH(ROW()-14,Query_Source_View!$Z:$Z,0)),"") -> Needs Review | O22: =IFERROR(INDEX(Query_Source_View!$X:$X,MATCH(ROW()-14,Query_Source_View!$Z:$Z,0)),"") -> https://sensuallogic.com/artistcolordata
A23: =IFERROR(INDEX(Query_Source_View!$A:$A,MATCH(ROW()-14,Query_Source_View!$Z:$Z,0)),"") -> PNT000008 | B23: =IFERROR(INDEX(Query_Source_View!$D:$D,MATCH(ROW()-14,Query_Source_View!$Z:$Z,0)),"") -> Winsor And Newton | C23: =IFERROR(INDEX(Query_Source_View!$F:$F,MATCH(ROW()-14,Query_Source_View!$Z:$Z,0)),"") -> Oil | D23: =IFERROR(INDEX(Query_Source_View!$H:$H,MATCH(ROW()-14,Query_Source_View!$Z:$Z,0)),"") -> Artists Oil | E23: =IFERROR(INDEX(Query_Source_View!$J:$J,MATCH(ROW()-14,Query_Source_View!$Z:$Z,0)),"") -> Cadmium Yellow Deep | F23: =IFERROR(INDEX(Query_Source_View!$L:$L,MATCH(ROW()-14,Query_Source_View!$Z:$Z,0)),"") -> Yellow | G23: =IFERROR(INDEX(Query_Source_View!$N:$N,MATCH(ROW()-14,Query_Source_View!$Z:$Z,0)),"") -> PY35 | H23: =IFERROR(INDEX(Query_Source_View!$P:$P,MATCH(ROW()-14,Query_Source_View!$Z:$Z,0)),"") -> 2 | I23: =IFERROR(INDEX(Query_Source_View!$Q:$Q,MATCH(ROW()-14,Query_Source_View!$Z:$Z,0)),"") -> No | J23: =IFERROR(INDEX(Query_Source_View!$R:$R,MATCH(ROW()-14,Query_Source_View!$Z:$Z,0)),"") -> 0 | K23: =IFERROR(INDEX(Query_Source_View!$T:$T,MATCH(ROW()-14,Query_Source_View!$Z:$Z,0)),"") -> A | L23: =IFERROR(INDEX(Query_Source_View!$U:$U,MATCH(ROW()-14,Query_Source_View!$Z:$Z,0)),"") -> 0 | M23: =IFERROR(INDEX(Query_Source_View!$V:$V,MATCH(ROW()-14,Query_Source_View!$Z:$Z,0)),"") -> 0 | N23: =IFERROR(INDEX(Query_Source_View!$W:$W,MATCH(ROW()-14,Query_Source_View!$Z:$Z,0)),"") -> Needs Review | O23: =IFERROR(INDEX(Query_Source_View!$X:$X,MATCH(ROW()-14,Query_Source_View!$Z:$Z,0)),"") -> https://sensuallogic.com/artistcolordata
A24: =IFERROR(INDEX(Query_Source_View!$A:$A,MATCH(ROW()-14,Query_Source_View!$Z:$Z,0)),"") -> PNT000009 | B24: =IFERROR(INDEX(Query_Source_View!$D:$D,MATCH(ROW()-14,Query_Source_View!$Z:$Z,0)),"") -> Winsor And Newton | C24: =IFERROR(INDEX(Query_Source_View!$F:$F,MATCH(ROW()-14,Query_Source_View!$Z:$Z,0)),"") -> Oil | D24: =IFERROR(INDEX(Query_Source_View!$H:$H,MATCH(ROW()-14,Query_Source_View!$Z:$Z,0)),"") -> Artists Oil | E24: =IFERROR(INDEX(Query_Source_View!$J:$J,MATCH(ROW()-14,Query_Source_View!$Z:$Z,0)),"") -> Cerulean Blue | F24: =IFERROR(INDEX(Query_Source_View!$L:$L,MATCH(ROW()-14,Query_Source_View!$Z:$Z,0)),"") -> Blue | G24: =IFERROR(INDEX(Query_Source_View!$N:$N,MATCH(ROW()-14,Query_Source_View!$Z:$Z,0)),"") -> PB35 | H24: =IFERROR(INDEX(Query_Source_View!$P:$P,MATCH(ROW()-14,Query_Source_View!$Z:$Z,0)),"") -> 1 | I24: =IFERROR(INDEX(Query_Source_View!$Q:$Q,MATCH(ROW()-14,Query_Source_View!$Z:$Z,0)),"") -> Yes | J24: =IFERROR(INDEX(Query_Source_View!$R:$R,MATCH(ROW()-14,Query_Source_View!$Z:$Z,0)),"") -> 0 | K24: =IFERROR(INDEX(Query_Source_View!$T:$T,MATCH(ROW()-14,Query_Source_View!$Z:$Z,0)),"") -> AA | L24: =IFERROR(INDEX(Query_Source_View!$U:$U,MATCH(ROW()-14,Query_Source_View!$Z:$Z,0)),"") -> 0 | M24: =IFERROR(INDEX(Query_Source_View!$V:$V,MATCH(ROW()-14,Query_Source_View!$Z:$Z,0)),"") -> 0 | N24: =IFERROR(INDEX(Query_Source_View!$W:$W,MATCH(ROW()-14,Query_Source_View!$Z:$Z,0)),"") -> Needs Review | O24: =IFERROR(INDEX(Query_Source_View!$X:$X,MATCH(ROW()-14,Query_Source_View!$Z:$Z,0)),"") -> https://sensuallogic.com/artistcolordata
A25: =IFERROR(INDEX(Query_Source_View!$A:$A,MATCH(ROW()-14,Query_Source_View!$Z:$Z,0)),"") -> PNT000010 | B25: =IFERROR(INDEX(Query_Source_View!$D:$D,MATCH(ROW()-14,Query_Source_View!$Z:$Z,0)),"") -> Winsor And Newton | C25: =IFERROR(INDEX(Query_Source_View!$F:$F,MATCH(ROW()-14,Query_Source_View!$Z:$Z,0)),"") -> Oil | D25: =IFERROR(INDEX(Query_Source_View!$H:$H,MATCH(ROW()-14,Query_Source_View!$Z:$Z,0)),"") -> Artists Oil | E25: =IFERROR(INDEX(Query_Source_View!$J:$J,MATCH(ROW()-14,Query_Source_View!$Z:$Z,0)),"") -> Cobalt Blue | F25: =IFERROR(INDEX(Query_Source_View!$L:$L,MATCH(ROW()-14,Query_Source_View!$Z:$Z,0)),"") -> Blue | G25: =IFERROR(INDEX(Query_Source_View!$N:$N,MATCH(ROW()-14,Query_Source_View!$Z:$Z,0)),"") -> PB28 | H25: =IFERROR(INDEX(Query_Source_View!$P:$P,MATCH(ROW()-14,Query_Source_View!$Z:$Z,0)),"") -> 1 | I25: =IFERROR(INDEX(Query_Source_View!$Q:$Q,MATCH(ROW()-14,Query_Source_View!$Z:$Z,0)),"") -> Yes | J25: =IFERROR(INDEX(Query_Source_View!$R:$R,MATCH(ROW()-14,Query_Source_View!$Z:$Z,0)),"") -> 0 | K25: =IFERROR(INDEX(Query_Source_View!$T:$T,MATCH(ROW()-14,Query_Source_View!$Z:$Z,0)),"") -> AA | L25: =IFERROR(INDEX(Query_Source_View!$U:$U,MATCH(ROW()-14,Query_Source_View!$Z:$Z,0)),"") -> 0 | M25: =IFERROR(INDEX(Query_Source_View!$V:$V,MATCH(ROW()-14,Query_Source_View!$Z:$Z,0)),"") -> 0 | N25: =IFERROR(INDEX(Query_Source_View!$W:$W,MATCH(ROW()-14,Query_Source_View!$Z:$Z,0)),"") -> Needs Review | O25: =IFERROR(INDEX(Query_Source_View!$X:$X,MATCH(ROW()-14,Query_Source_View!$Z:$Z,0)),"") -> https://sensuallogic.com/artistcolordata
A26: =IFERROR(INDEX(Query_Source_View!$A:$A,MATCH(ROW()-14,Query_Source_View!$Z:$Z,0)),"") -> PNT000011 | B26: =IFERROR(INDEX(Query_Source_View!$D:$D,MATCH(ROW()-14,Query_Source_View!$Z:$Z,0)),"") -> Winsor And Newton | C26: =IFERROR(INDEX(Query_Source_View!$F:$F,MATCH(ROW()-14,Query_Source_View!$Z:$Z,0)),"") -> Oil | D26: =IFERROR(INDEX(Query_Source_View!$H:$H,MATCH(ROW()-14,Query_Source_View!$Z:$Z,0)),"") -> Artists Oil | E26: =IFERROR(INDEX(Query_Source_View!$J:$J,MATCH(ROW()-14,Query_Source_View!$Z:$Z,0)),"") -> Cobalt Blue Deep | F26: =IFERROR(INDEX(Query_Source_View!$L:$L,MATCH(ROW()-14,Query_Source_View!$Z:$Z,0)),"") -> Blue | G26: =IFERROR(INDEX(Query_Source_View!$N:$N,MATCH(ROW()-14,Query_Source_View!$Z:$Z,0)),"") -> PB74 | H26: =IFERROR(INDEX(Query_Source_View!$P:$P,MATCH(ROW()-14,Query_Source_View!$Z:$Z,0)),"") -> 1 | I26: =IFERROR(INDEX(Query_Source_View!$Q:$Q,MATCH(ROW()-14,Query_Source_View!$Z:$Z,0)),"") -> Yes | J26: =IFERROR(INDEX(Query_Source_View!$R:$R,MATCH(ROW()-14,Query_Source_View!$Z:$Z,0)),"") -> 0 | K26: =IFERROR(INDEX(Query_Source_View!$T:$T,MATCH(ROW()-14,Query_Source_View!$Z:$Z,0)),"") -> AA | L26: =IFERROR(INDEX(Query_Source_View!$U:$U,MATCH(ROW()-14,Query_Source_View!$Z:$Z,0)),"") -> 0 | M26: =IFERROR(INDEX(Query_Source_View!$V:$V,MATCH(ROW()-14,Query_Source_View!$Z:$Z,0)),"") -> 0 | N26: =IFERROR(INDEX(Query_Source_View!$W:$W,MATCH(ROW()-14,Query_Source_View!$Z:$Z,0)),"") -> Needs Review | O26: =IFERROR(INDEX(Query_Source_View!$X:$X,MATCH(ROW()-14,Query_Source_View!$Z:$Z,0)),"") -> https://sensuallogic.com/artistcolordata
... A514: =IFERROR(INDEX(Query_Source_View!$A:$A,MATCH(ROW()-14,Query_Source_View!$Z:$Z,0)),"") | B514: =IFERROR(INDEX(Query_Source_View!$D:$D,MATCH(ROW()-14,Query_Source_View!$Z:$Z,0)),"") | C514: =IFERROR(INDEX(Query_Source_View!$F:$F,MATCH(ROW()-14,Query_Source_View!$Z:$Z,0)),"") | D514: =IFERROR(INDEX(Query_Source_View!$H:$H,MATCH(ROW()-14,Query_Source_View!$Z:$Z,0)),"") | E514: =IFERROR(INDEX(Query_Source_View!$J:$J,MATCH(ROW()-14,Query_Source_View!$Z:$Z,0)),"") | F514: =IFERROR(INDEX(Query_Source_View!$L:$L,MATCH(ROW()-14,Query_Source_View!$Z:$Z,0)),"") | G514: =IFERROR(INDEX(Query_Source_View!$N:$N,MATCH(ROW()-14,Query_Source_View!$Z:$Z,0)),"") | H514: =IFERROR(INDEX(Query_Source_View!$P:$P,MATCH(ROW()-14,Query_Source_View!$Z:$Z,0)),"") | I514: =IFERROR(INDEX(Query_Source_View!$Q:$Q,MATCH(ROW()-14,Query_Source_View!$Z:$Z,0)),"") | J514: =IFERROR(INDEX(Query_Source_View!$R:$R,MATCH(ROW()-14,Query_Source_View!$Z:$Z,0)),"") | K514: =IFERROR(INDEX(Query_Source_View!$T:$T,MATCH(ROW()-14,Query_Source_View!$Z:$Z,0)),"") | L514: =IFERROR(INDEX(Query_Source_View!$U:$U,MATCH(ROW()-14,Query_Source_View!$Z:$Z,0)),"") | M514: =IFERROR(INDEX(Query_Source_View!$V:$V,MATCH(ROW()-14,Query_Source_View!$Z:$Z,0)),"") | N514: =IFERROR(INDEX(Query_Source_View!$W:$W,MATCH(ROW()-14,Query_Source_View!$Z:$Z,0)),"") | O514: =IFERROR(INDEX(Query_Source_View!$X:$X,MATCH(ROW()-14,Query_Source_View!$Z:$Z,0)),"")

Sheet Query_Filter_Lists
A1: Brand | B1: Medium | C1: Product Line | D1: Pigment Code | E1: Color Family | F1: Transparency | G1: Permanence | H1: Single Pigment
A2: All | B2: All | C2: All | D2: All | E2: All | F2: All | G2: All | H2: All
A3: Winsor And Newton | B3: Acrylic | C3: Artists Oil | D3: NBr8 | E3: Black Or Gray | F3: Opaque | G3: A | H3: No
B4: Gouache | C4: Designers Gouache | D4: NR9 | E4: Blue | F4: Semi Opaque | G4: AA | H4: Not Applicable
B5: Oil | C5: Galeria Acrylic | D5: PB15 | E5: Earth | F5: Semi Transparent | G5: B | H5: Unknown
C6: Professional Acrylic | D6: PB15:1 | E6: Green | F6: Transparent | G6: C | H6: Yes
D7: PB15:3 | E7: Metallic | G7: Extremely Permanent
D8: PB16 | E8: Orange | G8: Permanent
D9: PB27 | E9: Red
D10: PB28 | E10: Violet
D11: PB29 | E11: White
D12: PB35 | E12: Yellow
D13: PB36
D14: PB60
D15: PB73
D16: PB74
D17: PBk1
D18: PBk10
D19: PBk11
D20: PBk19
D21: PBk31
D22: PBk6
D23: PBk7
D24: PBk9
... D86: Not Provided By Source

Sheet Dashboard
A1: ChromaCodex Database v2
A3: Current Version Purpose | B3: Adds relational IDs and linked entity tables so future query/report logic can be built properly.
A5: New in v2 | B5: Paint_ID, Pigment_ID structure, Measurement_ID, Source_ID, Paint_Pigments join table, Paint_Behavior table, ID crosswalk, relationship map.
A7: Query Readiness | B7: Relational structure is ready. Full interactive reports/dashboards still need to be built in a later version.
A9: Current Imported Dataset | B9: Winsor And Newton Professional Acrylic rows from Sensual Logic Artist Color Data. Source did not provide pigment code, opacity, or permanence in the imported table rows.
A11: File Naming Convention | B11: Use ChromaCodex-Database-v1, ChromaCodex-Database-v2, etc. for future database versions.
A13: Key Sheets
A14: Master_Paint_Records | B14: Actual paint product records with corrected relational fields.
A15: Brands | B15: Brand-level entities.
A16: Mediums | B16: Medium-level entities such as Acrylic, Watercolor, Oil.
A17: Product_Lines_Formulations | B17: Brand + medium + product line/formulation records.
A18: Product_Line_Attributes | B18: Attributes that belong to a formulation/product line.
A19: Brand_Specific_Attributes | B19: Flexible brand-unique attributes.
A20: Schema_Overview | B20: Plain-English explanation of the corrected relational structure.
A21: Raw_Import_Staging | B21: Raw source data preserved before normalization.
A23: Current query interface: Query_Interface
A24: Current query output: Query_Results
A25: Use Query_Source_View or Query_Output filters to query by Pigment_Code, Product_Line, Medium, Transparency, Permanence, ASTM, and Single_Pigment.

Sheet Query_Dashboard_v8
A1: ChromaCodex Database v8 - Query Dashboard
A3: Select filters below. Leave any field as All. Results appear on Query_Output.
A5: Brand | B5: All | D5: Matching records
A6: Medium | B6: All
A7: Product Line | B7: All | D7: Source note | E7: Winsor And Newton official chart rows have WN colour codes but no Color Index pigment codes in the PDF.
A8: Product Line Type | B8: All
A9: Pigment Code | B9: All
A10: Color Family | B10: All
A11: Opacity Code | B11: All
A12: Permanence | B12: All
A13: Verification Status | B13: All

Sheet Query_Dashboard_v6
A1: ChromaCodex Database v6 - Working Query Dashboard
A3: Select filters below. Leave any field as All. Results appear on Query_Output.
A5: Brand | B5: All | C5: Field: Brand_Name | E5: Matching Records
A6: Medium | B6: All | C6: Field: Medium
A7: Product Line | B7: All | C7: Field: Product_Line_Name | E7: Open Query_Output to view results.
A8: Product Line Type | B8: All | C8: Field: Product_Line_Type | E8: All original v3 repaired sheets are preserved.
A9: Pigment Code | B9: All | C9: Field: Pigment_Code | E9: This uses standard INDEX/MATCH helper formulas, not FILTER().
A10: Color Family | B10: All | C10: Field: Color_Family
A11: Transparency | B11: All | C11: Field: Transparency
A12: Granulation | B12: All | C12: Field: Granulation
A13: Staining | B13: All | C13: Field: Staining
A14: Verification Status | B14: All | C14: Field: Verification_Status

Sheet Query_Output
A1: Query Output / Report View
A2: This workbook avoids formulas that can trigger Excel repair errors. Use filter arrows on Query_Source_View or Query_Filterable_View. Pigment Code filters now come from the real Pigments table and Paint_Pigments relationships.
A4: Paint_ID | B4: Brand_Name | C4: Medium | D4: Product_Line_Name | E4: Paint_Name | F4: Color_Family | G4: Pigment_Code | H4: Pigment_Count | I4: Single_Pigment | J4: Transparency | K4: Opacity_Code | L4: Permanence | M4: ASTM_Rating | N4: WN_Series_Number | O4: Verification_Status
A5: PNT000001 | B5: Winsor And Newton | C5: Oil | D5: Artists Oil | E5: Alizarin Crimson | F5: Red | G5: PR83 | H5: 1 | I5: Yes | K5: T | L5: B | O5: Needs Review
A6: PNT000002 | B6: Winsor And Newton | C6: Oil | D6: Artists Oil | E6: Bismuth Yellow | F6: Yellow | G6: PY184 | H6: 1 | I6: Yes | K6: O | L6: A | O6: Needs Review
A7: PNT000003 | B7: Winsor And Newton | C7: Oil | D7: Artists Oil | E7: Bright Red | F7: Red | G7: PR | H7: 1 | I7: Yes | K7: T | L7: A | O7: Needs Review
A8: PNT000004 | B8: Winsor And Newton | C8: Oil | D8: Artists Oil | E8: Burnt Sienna | F8: Orange | G8: PR101 | H8: 1 | I8: Yes | K8: T | L8: AA | O8: Needs Review
A9: PNT000005 | B9: Winsor And Newton | C9: Oil | D9: Artists Oil | E9: Cadmium Lemon | F9: Yellow | G9: PY35 | H9: 1 | I9: Yes | K9: O | L9: A | O9: Needs Review
A10: PNT000006 | B10: Winsor And Newton | C10: Oil | D10: Artists Oil | E10: Cadmium Red | F10: Red | G10: PR108 | H10: 1 | I10: Yes | K10: O | L10: A | O10: Needs Review
A11: PNT000007 | B11: Winsor And Newton | C11: Oil | D11: Artists Oil | E11: Cadmium Yellow | F11: Yellow | G11: PY35 | H11: 1 | I11: Yes | K11: O | L11: A | O11: Needs Review
A12: PNT000008 | B12: Winsor And Newton | C12: Oil | D12: Artists Oil | E12: Cadmium Yellow Deep | F12: Yellow | G12: PO20 | H12: 2 | I12: No | K12: O | L12: A | O12: Needs Review
A13: PNT000008 | B13: Winsor And Newton | C13: Oil | D13: Artists Oil | E13: Cadmium Yellow Deep | F13: Yellow | G13: PY35 | H13: 2 | I13: No | K13: O | L13: A | O13: Needs Review
A14: PNT000009 | B14: Winsor And Newton | C14: Oil | D14: Artists Oil | E14: Cerulean Blue | F14: Blue | G14: PB35 | H14: 1 | I14: Yes | K14: SO | L14: AA | O14: Needs Review
A15: PNT000010 | B15: Winsor And Newton | C15: Oil | D15: Artists Oil | E15: Cobalt Blue | F15: Blue | G15: PB28 | H15: 1 | I15: Yes | K15: ST | L15: AA | O15: Needs Review
A16: PNT000011 | B16: Winsor And Newton | C16: Oil | D16: Artists Oil | E16: Cobalt Blue Deep | F16: Blue | G16: PB74 | H16: 1 | I16: Yes | K16: ST | L16: AA | O16: Needs Review
... A189: PNT000139 | B189: Winsor And Newton | C189: Acrylic | D189: Galeria Acrylic | E189: Yellow Ochre | F189: Yellow | G189: PBk11 | H189: 3 | I189: No | K189: O | L189: AA | O189: Needs Review
A190: PNT000140 | B190: Winsor And Newton | C190: Acrylic | D190: Professional Acrylic | E190: Azo Yellow Medium | F190: Yellow | G190: PY74 | H190: 1 | I190: Yes | J190: Semi Opaque | K190: SO | L190: Permanent | M190: I | N190: 2 | O190: Verified From Official Source
A191: PNT000141 | B191: Winsor And Newton | C191: Acrylic | D191: Professional Acrylic | E191: Bismuth Yellow | F191: Yellow | G191: PY184 | H191: 1 | I191: Yes | J191: Opaque | K191: O | L191: Permanent | M191: I | N191: 4 | O191: Verified From Official Source
A192: PNT000142 | B192: Winsor And Newton | C192: Acrylic | D192: Professional Acrylic | E192: Azo Yellow Deep | F192: Yellow | G192: PY65 | H192: 1 | I192: Yes | J192: Semi Transparent | K192: ST | L192: Permanent | M192: I | N192: 2 | O192: Verified From Official Source
A193: PNT000143 | B193: Winsor And Newton | C193: Acrylic | D193: Professional Acrylic | E193: Buff Titanium | F193: White | G193: PBk11 | H193: 3 | I193: No | J193: Opaque | K193: O | L193: Extremely Permanent | M193: I | N193: 1 | O193: Verified From Official Source
A194: PNT000143 | B194: Winsor And Newton | C194: Acrylic | D194: Professional Acrylic | E194: Buff Titanium | F194: White | G194: PW6 | H194: 3 | I194: No | J194: Opaque | K194: O | L194: Extremely Permanent | M194: I | N194: 1 | O194: Verified From Official Source
A195: PNT000143 | B195: Winsor And Newton | C195: Acrylic | D195: Professional Acrylic | E195: Buff Titanium | F195: White | G195: PY42 | H195: 3 | I195: No | J195: Opaque | K195: O | L195: Extremely Permanent | M195: I | N195: 1 | O195: Verified From Official Source
A196: PNT000144 | B196: Winsor And Newton | C196: Acrylic | D196: Professional Acrylic | E196: Burnt Sienna | F196: Orange | G196: PR101 | H196: 1 | I196: Yes | J196: Transparent | K196: T | L196: Extremely Permanent | M196: I | N196: 1 | O196: Verified From Official Source
A197: PNT000145 | B197: Winsor And Newton | C197: Acrylic | D197: Professional Acrylic | E197: Burnt Umber | F197: Earth | G197: PBr7 | H197: 1 | I197: Yes | J197: Semi Opaque | K197: SO | L197: Extremely Permanent | M197: I | N197: 1 | O197: Verified From Official Source
A198: PNT000146 | B198: Winsor And Newton | C198: Acrylic | D198: Professional Acrylic | E198: Cadmium Lemon | F198: Yellow | G198: PY35 | H198: 1 | I198: Yes | J198: Opaque | K198: O | L198: Permanent | M198: I | N198: 3 | O198: Verified From Official Source
A199: PNT000147 | B199: Winsor And Newton | C199: Acrylic | D199: Professional Acrylic | E199: Cadmium Orange | F199: Orange | G199: PO20 | H199: 1 | I199: Yes | J199: Opaque | K199: O | L199: Permanent | M199: I | N199: 3 | O199: Verified From Official Source
A200: PNT000148 | B200: Winsor And Newton | C200: Acrylic | D200: Professional Acrylic | E200: Cadmium Red Deep | F200: Red | G200: PR108 | H200: 1 | I200: Yes | J200: Opaque | K200: O | L200: Permanent | M200: I | N200: 3 | O200: Verified From Official Source
A201: PNT000149 | B201: Winsor And Newton | C201: Acrylic | D201: Professional Acrylic | E201: CadRedMed | F201: Red | G201: Not Provided | H201: 0 | I201: Unknown | O201: Needs Review
A202: PNT000150 | B202: Winsor And Newton | C202: Acrylic | D202: Professional Acrylic | E202: Cadmium Red Light | F202: Red | G202: PR108 | H202: 1 | I202: Yes | J202: Opaque | K202: O | L202: Permanent | M202: I | N202: 3 | O202: Verified From Official Source
A203: PNT000151 | B203: Winsor And Newton | C203: Acrylic | D203: Professional Acrylic | E203: Cadmium Yellow Deep | F203: Yellow | G203: PO20 | H203: 2 | I203: No | J203: Opaque | K203: O | L203: Permanent | M203: I | N203: 3 | O203: Verified From Official Source
A204: PNT000151 | B204: Winsor And Newton | C204: Acrylic | D204: Professional Acrylic | E204: Cadmium Yellow Deep | F204: Yellow | G204: PY35 | H204: 2 | I204: No | J204: Opaque | K204: O | L204: Permanent | M204: I | N204: 3 | O204: Verified From Official Source
A205: PNT000152 | B205: Winsor And Newton | C205: Acrylic | D205: Professional Acrylic | E205: Cadmium Yellow Medium | F205: Yellow | G205: PY35 | H205: 1 | I205: Yes | J205: Opaque | K205: O | L205: Permanent | M205: I | N205: 3 | O205: Verified From Official Source
A206: PNT000153 | B206: Winsor And Newton | C206: Acrylic | D206: Professional Acrylic | E206: Cerulean Blue Chromium | F206: Blue | G206: PB36 | H206: 1 | I206: Yes | J206: Opaque | K206: O | L206: Extremely Permanent | M206: I | N206: 4 | O206: Verified From Official Source
A207: PNT000154 | B207: Winsor And Newton | C207: Acrylic | D207: Professional Acrylic | E207: Cerulean Blue | F207: Blue | G207: PB35 | H207: 1 | I207: Yes | J207: Opaque | K207: O | L207: Extremely Permanent | M207: I | N207: 5 | O207: Verified From Official Source
A208: PNT000155 | B208: Winsor And Newton | C208: Acrylic | D208: Professional Acrylic | E208: Chromium Oxide Green | F208: Green | G208: PG17 | H208: 1 | I208: Yes | J208: Opaque | K208: O | L208: Extremely Permanent | M208: I | N208: 3 | O208: Verified From Official Source
A209: PNT000156 | B209: Winsor And Newton | C209: Acrylic | D209: Professional Acrylic | E209: Cobalt Blue | F209: Blue | G209: PB28 | H209: 1 | I209: Yes | J209: Opaque | K209: O | L209: Extremely Permanent | M209: I | N209: 4 | O209: Verified From Official Source
A210: PNT000157 | B210: Winsor And Newton | C210: Acrylic | D210: Professional Acrylic | E210: Cobalt Blue Deep | F210: Blue | G210: PB73 | H210: 1 | I210: Yes | J210: Semi Opaque | K210: SO | L210: Extremely Permanent | M210: I | N210: 5 | O210: Verified From Official Source
A211: PNT000158 | B211: Winsor And Newton | C211: Acrylic | D211: Professional Acrylic | E211: Cobalt Green | F211: Blue | G211: PG50 | H211: 1 | I211: Yes | J211: Opaque | K211: O | L211: Extremely Permanent | M211: I | N211: 4 | O211: Verified From Official Source
A212: PNT000159 | B212: Winsor And Newton | C212: Acrylic | D212: Professional Acrylic | E212: Cobalt Green Deep | F212: Blue | G212: PG26 | H212: 1 | I212: Yes | J212: Semi Opaque | K212: SO | L212: Extremely Permanent | M212: I | N212: 3 | O212: Verified From Official Source
A213: PNT000160 | B213: Winsor And Newton | C213: Acrylic | D213: Professional Acrylic | E213: Cobalt Turquoise Light | F213: Blue | G213: PG50 | H213: 1 | I213: Yes | J213: Opaque | K213: O | L213: Extremely Permanent | M213: I | N213: 4 | O213: Verified From Official Source
... A356: PNT000279 | B356: Winsor And Newton | C356: Acrylic | D356: Professional Acrylic | E356: Mars Black | F356: Black Or Gray | G356: PBk11 | H356: 1 | I356: Yes | J356: Opaque | K356: O | L356: Extremely Permanent | M356: I | N356: 1 | O356: Verified From Official Source

Sheet Query_Dashboard
A1: ChromaCodex Database v3 - Query Dashboard
A3: Purpose | B3: Use this sheet as the entry point for filtering/querying the database without deleting any v2 relational tables.
A5: How to Query
B6: 1. Go to the Query_Source_View sheet.
B7: 2. Use the filter arrows in row 1 to filter by Brand, Medium, Product Line, Paint Name, RGB, Density, etc.
B8: 3. The source relational ID columns are included so every result can trace back to the underlying tables.
B9: 4. Do not type over ID columns. Add notes only in designated notes fields.
B10: 5. This v3 file preserves all v2 tabs and adds a safer query layer.
A13: Current Data Status
A14: Records imported
A15: Primary imported dataset | B15: Winsor And Newton Professional Acrylic from Sensual Logic import
A16: Pigment code status | B16: Mostly pending for this import because the source import did not provide pigment codes in v2
A17: Query readiness | B17: Filterable source view is active; dashboard formulas avoided to prevent Excel corruption
A21: Suggested Manual Filter Examples
B22: Brand_Name = Winsor And Newton
B23: Medium = Acrylic
B24: Product_Line_Name = Professional Acrylic
B25: Color_Family = Yellow
B26: Density greater than 1500
B27: RGB_Red greater than 200

Sheet Query_Source_View
A1: Paint_ID | B1: Record_ID | C1: Brand_ID | D1: Brand_Name | E1: Medium_ID | F1: Medium | G1: Product_Line_ID | H1: Product_Line_Name | I1: Product_Line_Type | J1: Paint_Name | K1: Paint_Product_Key | L1: Color_Family | M1: Pigment_ID | N1: Pigment_Code | O1: Pigment_Sequence | P1: Pigment_Count | Q1: Single_Pigment | R1: Transparency | S1: Opacity_Code | T1: Permanence | U1: ASTM_Rating | V1: WN_Series_Number | W1: Verification_Status | X1: Source_URL | Y1: Query_Include | Z1: Query_Match_Number
A2: PNT000001 | B2: 1 | C2: B001 | D2: Winsor And Newton | E2: M001 | F2: Oil | G2: PL001 | H2: Artists Oil | I2: Artist Oil | J2: Alizarin Crimson | K2: winsor and newton|oil|artists oil|alizarin crimson | L2: Red | M2: PIG000046 | N2: PR83 | O2: 1 | P2: 1 | Q2: Yes | S2: T | T2: B | W2: Needs Review | X2: https://sensuallogic.com/artistcolordata | Y2: =IF(AND(OR(Query_Interface!$B$5="All",$D2=Query_Interface!$B$5),OR(Query_Interface!$B$6="All",$F2=Query_Interface!$B$6),OR(Query_Interface!$B$7="All",$H2=Query_Interface!$B$7),OR(Query_Interface!$B$8="All",$N2=Query_Interface!$B$8),OR(Query_Interface!$B$9="All",$L2=Query_Interface!$B$9),OR(Query_Interface!$B$10="All",$R2=Query_Interface!$B$10),OR(Query_Interface!$B$11="All",$T2=Query_Interface!$B$11),OR(Query_Interface!$B$12="All",$Q2=Query_Interface!$B$12)),1,0) -> 1 | Z2: =IF($Y2=1,COUNTIF($Y$2:$Y2,1),"") -> 1
A3: PNT000002 | B3: 2 | C3: B001 | D3: Winsor And Newton | E3: M001 | F3: Oil | G3: PL001 | H3: Artists Oil | I3: Artist Oil | J3: Bismuth Yellow | K3: winsor and newton|oil|artists oil|bismuth yellow | L3: Yellow | M3: PIG000066 | N3: PY184 | O3: 1 | P3: 1 | Q3: Yes | S3: O | T3: A | W3: Needs Review | X3: https://sensuallogic.com/artistcolordata | Y3: =IF(AND(OR(Query_Interface!$B$5="All",$D3=Query_Interface!$B$5),OR(Query_Interface!$B$6="All",$F3=Query_Interface!$B$6),OR(Query_Interface!$B$7="All",$H3=Query_Interface!$B$7),OR(Query_Interface!$B$8="All",$N3=Query_Interface!$B$8),OR(Query_Interface!$B$9="All",$L3=Query_Interface!$B$9),OR(Query_Interface!$B$10="All",$R3=Query_Interface!$B$10),OR(Query_Interface!$B$11="All",$T3=Query_Interface!$B$11),OR(Query_Interface!$B$12="All",$Q3=Query_Interface!$B$12)),1,0) -> 1 | Z3: =IF($Y3=1,COUNTIF($Y$2:$Y3,1),"") -> 2
A4: PNT000003 | B4: 3 | C4: B001 | D4: Winsor And Newton | E4: M001 | F4: Oil | G4: PL001 | H4: Artists Oil | I4: Artist Oil | J4: Bright Red | K4: winsor and newton|oil|artists oil|bright red | L4: Red | M4: PIG000032 | N4: PR | O4: 1 | P4: 1 | Q4: Yes | S4: T | T4: A | W4: Needs Review | X4: https://sensuallogic.com/artistcolordata | Y4: =IF(AND(OR(Query_Interface!$B$5="All",$D4=Query_Interface!$B$5),OR(Query_Interface!$B$6="All",$F4=Query_Interface!$B$6),OR(Query_Interface!$B$7="All",$H4=Query_Interface!$B$7),OR(Query_Interface!$B$8="All",$N4=Query_Interface!$B$8),OR(Query_Interface!$B$9="All",$L4=Query_Interface!$B$9),OR(Query_Interface!$B$10="All",$R4=Query_Interface!$B$10),OR(Query_Interface!$B$11="All",$T4=Query_Interface!$B$11),OR(Query_Interface!$B$12="All",$Q4=Query_Interface!$B$12)),1,0) -> 1 | Z4: =IF($Y4=1,COUNTIF($Y$2:$Y4,1),"") -> 3
A5: PNT000004 | B5: 4 | C5: B001 | D5: Winsor And Newton | E5: M001 | F5: Oil | G5: PL001 | H5: Artists Oil | I5: Artist Oil | J5: Burnt Sienna | K5: winsor and newton|oil|artists oil|burnt sienna | L5: Orange | M5: PIG000033 | N5: PR101 | O5: 1 | P5: 1 | Q5: Yes | S5: T | T5: AA | W5: Needs Review | X5: https://sensuallogic.com/artistcolordata | Y5: =IF(AND(OR(Query_Interface!$B$5="All",$D5=Query_Interface!$B$5),OR(Query_Interface!$B$6="All",$F5=Query_Interface!$B$6),OR(Query_Interface!$B$7="All",$H5=Query_Interface!$B$7),OR(Query_Interface!$B$8="All",$N5=Query_Interface!$B$8),OR(Query_Interface!$B$9="All",$L5=Query_Interface!$B$9),OR(Query_Interface!$B$10="All",$R5=Query_Interface!$B$10),OR(Query_Interface!$B$11="All",$T5=Query_Interface!$B$11),OR(Query_Interface!$B$12="All",$Q5=Query_Interface!$B$12)),1,0) -> 1 | Z5: =IF($Y5=1,COUNTIF($Y$2:$Y5,1),"") -> 4
A6: PNT000005 | B6: 5 | C6: B001 | D6: Winsor And Newton | E6: M001 | F6: Oil | G6: PL001 | H6: Artists Oil | I6: Artist Oil | J6: Cadmium Lemon | K6: winsor and newton|oil|artists oil|cadmium lemon | L6: Yellow | M6: PIG000068 | N6: PY35 | O6: 1 | P6: 1 | Q6: Yes | S6: O | T6: A | W6: Needs Review | X6: https://sensuallogic.com/artistcolordata | Y6: =IF(AND(OR(Query_Interface!$B$5="All",$D6=Query_Interface!$B$5),OR(Query_Interface!$B$6="All",$F6=Query_Interface!$B$6),OR(Query_Interface!$B$7="All",$H6=Query_Interface!$B$7),OR(Query_Interface!$B$8="All",$N6=Query_Interface!$B$8),OR(Query_Interface!$B$9="All",$L6=Query_Interface!$B$9),OR(Query_Interface!$B$10="All",$R6=Query_Interface!$B$10),OR(Query_Interface!$B$11="All",$T6=Query_Interface!$B$11),OR(Query_Interface!$B$12="All",$Q6=Query_Interface!$B$12)),1,0) -> 1 | Z6: =IF($Y6=1,COUNTIF($Y$2:$Y6,1),"") -> 5
A7: PNT000006 | B7: 6 | C7: B001 | D7: Winsor And Newton | E7: M001 | F7: Oil | G7: PL001 | H7: Artists Oil | I7: Artist Oil | J7: Cadmium Red | K7: winsor and newton|oil|artists oil|cadmium red | L7: Red | M7: PIG000035 | N7: PR108 | O7: 1 | P7: 1 | Q7: Yes | S7: O | T7: A | W7: Needs Review | X7: https://sensuallogic.com/artistcolordata | Y7: =IF(AND(OR(Query_Interface!$B$5="All",$D7=Query_Interface!$B$5),OR(Query_Interface!$B$6="All",$F7=Query_Interface!$B$6),OR(Query_Interface!$B$7="All",$H7=Query_Interface!$B$7),OR(Query_Interface!$B$8="All",$N7=Query_Interface!$B$8),OR(Query_Interface!$B$9="All",$L7=Query_Interface!$B$9),OR(Query_Interface!$B$10="All",$R7=Query_Interface!$B$10),OR(Query_Interface!$B$11="All",$T7=Query_Interface!$B$11),OR(Query_Interface!$B$12="All",$Q7=Query_Interface!$B$12)),1,0) -> 1 | Z7: =IF($Y7=1,COUNTIF($Y$2:$Y7,1),"") -> 6
A8: PNT000007 | B8: 7 | C8: B001 | D8: Winsor And Newton | E8: M001 | F8: Oil | G8: PL001 | H8: Artists Oil | I8: Artist Oil | J8: Cadmium Yellow | K8: winsor and newton|oil|artists oil|cadmium yellow | L8: Yellow | M8: PIG000068 | N8: PY35 | O8: 1 | P8: 1 | Q8: Yes | S8: O | T8: A | W8: Needs Review | X8: https://sensuallogic.com/artistcolordata | Y8: =IF(AND(OR(Query_Interface!$B$5="All",$D8=Query_Interface!$B$5),OR(Query_Interface!$B$6="All",$F8=Query_Interface!$B$6),OR(Query_Interface!$B$7="All",$H8=Query_Interface!$B$7),OR(Query_Interface!$B$8="All",$N8=Query_Interface!$B$8),OR(Query_Interface!$B$9="All",$L8=Query_Interface!$B$9),OR(Query_Interface!$B$10="All",$R8=Query_Interface!$B$10),OR(Query_Interface!$B$11="All",$T8=Query_Interface!$B$11),OR(Query_Interface!$B$12="All",$Q8=Query_Interface!$B$12)),1,0) -> 1 | Z8: =IF($Y8=1,COUNTIF($Y$2:$Y8,1),"") -> 7
A9: PNT000008 | B9: 8 | C9: B001 | D9: Winsor And Newton | E9: M001 | F9: Oil | G9: PL001 | H9: Artists Oil | I9: Artist Oil | J9: Cadmium Yellow Deep | K9: winsor and newton|oil|artists oil|cadmium yellow deep | L9: Yellow | M9: PIG000028 | N9: PO20 | O9: 1 | P9: 2 | Q9: No | S9: O | T9: A | W9: Needs Review | X9: https://sensuallogic.com/artistcolordata | Y9: =IF(AND(OR(Query_Interface!$B$5="All",$D9=Query_Interface!$B$5),OR(Query_Interface!$B$6="All",$F9=Query_Interface!$B$6),OR(Query_Interface!$B$7="All",$H9=Query_Interface!$B$7),OR(Query_Interface!$B$8="All",$N9=Query_Interface!$B$8),OR(Query_Interface!$B$9="All",$L9=Query_Interface!$B$9),OR(Query_Interface!$B$10="All",$R9=Query_Interface!$B$10),OR(Query_Interface!$B$11="All",$T9=Query_Interface!$B$11),OR(Query_Interface!$B$12="All",$Q9=Query_Interface!$B$12)),1,0) -> 1 | Z9: =IF($Y9=1,COUNTIF($Y$2:$Y9,1),"") -> 8
A10: PNT000008 | B10: 8 | C10: B001 | D10: Winsor And Newton | E10: M001 | F10: Oil | G10: PL001 | H10: Artists Oil | I10: Artist Oil | J10: Cadmium Yellow Deep | K10: winsor and newton|oil|artists oil|cadmium yellow deep | L10: Yellow | M10: PIG000068 | N10: PY35 | O10: 2 | P10: 2 | Q10: No | S10: O | T10: A | W10: Needs Review | X10: https://sensuallogic.com/artistcolordata | Y10: =IF(AND(OR(Query_Interface!$B$5="All",$D10=Query_Interface!$B$5),OR(Query_Interface!$B$6="All",$F10=Query_Interface!$B$6),OR(Query_Interface!$B$7="All",$H10=Query_Interface!$B$7),OR(Query_Interface!$B$8="All",$N10=Query_Interface!$B$8),OR(Query_Interface!$B$9="All",$L10=Query_Interface!$B$9),OR(Query_Interface!$B$10="All",$R10=Query_Interface!$B$10),OR(Query_Interface!$B$11="All",$T10=Query_Interface!$B$11),OR(Query_Interface!$B$12="All",$Q10=Query_Interface!$B$12)),1,0) -> 1 | Z10: =IF($Y10=1,COUNTIF($Y$2:$Y10,1),"") -> 9
A11: PNT000009 | B11: 9 | C11: B001 | D11: Winsor And Newton | E11: M001 | F11: Oil | G11: PL001 | H11: Artists Oil | I11: Artist Oil | J11: Cerulean Blue | K11: winsor and newton|oil|artists oil|cerulean blue | L11: Blue | M11: PIG000008 | N11: PB35 | O11: 1 | P11: 1 | Q11: Yes | S11: SO | T11: AA | W11: Needs Review | X11: https://sensuallogic.com/artistcolordata | Y11: =IF(AND(OR(Query_Interface!$B$5="All",$D11=Query_Interface!$B$5),OR(Query_Interface!$B$6="All",$F11=Query_Interface!$B$6),OR(Query_Interface!$B$7="All",$H11=Query_Interface!$B$7),OR(Query_Interface!$B$8="All",$N11=Query_Interface!$B$8),OR(Query_Interface!$B$9="All",$L11=Query_Interface!$B$9),OR(Query_Interface!$B$10="All",$R11=Query_Interface!$B$10),OR(Query_Interface!$B$11="All",$T11=Query_Interface!$B$11),OR(Query_Interface!$B$12="All",$Q11=Query_Interface!$B$12)),1,0) -> 1 | Z11: =IF($Y11=1,COUNTIF($Y$2:$Y11,1),"") -> 10
A12: PNT000010 | B12: 10 | C12: B001 | D12: Winsor And Newton | E12: M001 | F12: Oil | G12: PL001 | H12: Artists Oil | I12: Artist Oil | J12: Cobalt Blue | K12: winsor and newton|oil|artists oil|cobalt blue | L12: Blue | M12: PIG000006 | N12: PB28 | O12: 1 | P12: 1 | Q12: Yes | S12: ST | T12: AA | W12: Needs Review | X12: https://sensuallogic.com/artistcolordata | Y12: =IF(AND(OR(Query_Interface!$B$5="All",$D12=Query_Interface!$B$5),OR(Query_Interface!$B$6="All",$F12=Query_Interface!$B$6),OR(Query_Interface!$B$7="All",$H12=Query_Interface!$B$7),OR(Query_Interface!$B$8="All",$N12=Query_Interface!$B$8),OR(Query_Interface!$B$9="All",$L12=Query_Interface!$B$9),OR(Query_Interface!$B$10="All",$R12=Query_Interface!$B$10),OR(Query_Interface!$B$11="All",$T12=Query_Interface!$B$11),OR(Query_Interface!$B$12="All",$Q12=Query_Interface!$B$12)),1,0) -> 1 | Z12: =IF($Y12=1,COUNTIF($Y$2:$Y12,1),"") -> 11
A13: PNT000011 | B13: 11 | C13: B001 | D13: Winsor And Newton | E13: M001 | F13: Oil | G13: PL001 | H13: Artists Oil | I13: Artist Oil | J13: Cobalt Blue Deep | K13: winsor and newton|oil|artists oil|cobalt blue deep | L13: Blue | M13: PIG000011 | N13: PB74 | O13: 1 | P13: 1 | Q13: Yes | S13: ST | T13: AA | W13: Needs Review | X13: https://sensuallogic.com/artistcolordata | Y13: =IF(AND(OR(Query_Interface!$B$5="All",$D13=Query_Interface!$B$5),OR(Query_Interface!$B$6="All",$F13=Query_Interface!$B$6),OR(Query_Interface!$B$7="All",$H13=Query_Interface!$B$7),OR(Query_Interface!$B$8="All",$N13=Query_Interface!$B$8),OR(Query_Interface!$B$9="All",$L13=Query_Interface!$B$9),OR(Query_Interface!$B$10="All",$R13=Query_Interface!$B$10),OR(Query_Interface!$B$11="All",$T13=Query_Interface!$B$11),OR(Query_Interface!$B$12="All",$Q13=Query_Interface!$B$12)),1,0) -> 1 | Z13: =IF($Y13=1,COUNTIF($Y$2:$Y13,1),"") -> 12
... A186: PNT000139 | B186: 139 | C186: B001 | D186: Winsor And Newton | E186: M003 | F186: Acrylic | G186: PL003 | H186: Galeria Acrylic | I186: Student Acrylic | J186: Yellow Ochre | K186: winsor and newton|acrylic|galeria acrylic|yellow ochre | L186: Yellow | M186: PIG000013 | N186: PBk11 | O186: 3 | P186: 3 | Q186: No | S186: O | T186: AA | W186: Needs Review | X186: https://sensuallogic.com/artistcolordata | Y186: =IF(AND(OR(Query_Interface!$B$5="All",$D186=Query_Interface!$B$5),OR(Query_Interface!$B$6="All",$F186=Query_Interface!$B$6),OR(Query_Interface!$B$7="All",$H186=Query_Interface!$B$7),OR(Query_Interface!$B$8="All",$N186=Query_Interface!$B$8),OR(Query_Interface!$B$9="All",$L186=Query_Interface!$B$9),OR(Query_Interface!$B$10="All",$R186=Query_Interface!$B$10),OR(Query_Interface!$B$11="All",$T186=Query_Interface!$B$11),OR(Query_Interface!$B$12="All",$Q186=Query_Interface!$B$12)),1,0) -> 1 | Z186: =IF($Y186=1,COUNTIF($Y$2:$Y186,1),"") -> 185
A187: PNT000140 | B187: 140 | C187: B001 | D187: Winsor And Newton | E187: M003 | F187: Acrylic | G187: PL004 | H187: Professional Acrylic | I187: Artist Acrylic | J187: Azo Yellow Medium | K187: winsor and newton|acrylic|professional acrylic|azo yellow medium | L187: Yellow | M187: PIG000074 | N187: PY74 | O187: 1 | P187: 1 | Q187: Yes | R187: Semi Opaque | S187: SO | T187: Permanent | U187: I | V187: 2 | W187: Verified From Official Source | X187: https://www.winsornewton.com/pages/professional-acrylic-colour | Y187: =IF(AND(OR(Query_Interface!$B$5="All",$D187=Query_Interface!$B$5),OR(Query_Interface!$B$6="All",$F187=Query_Interface!$B$6),OR(Query_Interface!$B$7="All",$H187=Query_Interface!$B$7),OR(Query_Interface!$B$8="All",$N187=Query_Interface!$B$8),OR(Query_Interface!$B$9="All",$L187=Query_Interface!$B$9),OR(Query_Interface!$B$10="All",$R187=Query_Interface!$B$10),OR(Query_Interface!$B$11="All",$T187=Query_Interface!$B$11),OR(Query_Interface!$B$12="All",$Q187=Query_Interface!$B$12)),1,0) -> 1 | Z187: =IF($Y187=1,COUNTIF($Y$2:$Y187,1),"") -> 186
A188: PNT000141 | B188: 141 | C188: B001 | D188: Winsor And Newton | E188: M003 | F188: Acrylic | G188: PL004 | H188: Professional Acrylic | I188: Artist Acrylic | J188: Bismuth Yellow | K188: winsor and newton|acrylic|professional acrylic|bismuth yellow | L188: Yellow | M188: PIG000066 | N188: PY184 | O188: 1 | P188: 1 | Q188: Yes | R188: Opaque | S188: O | T188: Permanent | U188: I | V188: 4 | W188: Verified From Official Source | X188: https://www.winsornewton.com/pages/professional-acrylic-colour | Y188: =IF(AND(OR(Query_Interface!$B$5="All",$D188=Query_Interface!$B$5),OR(Query_Interface!$B$6="All",$F188=Query_Interface!$B$6),OR(Query_Interface!$B$7="All",$H188=Query_Interface!$B$7),OR(Query_Interface!$B$8="All",$N188=Query_Interface!$B$8),OR(Query_Interface!$B$9="All",$L188=Query_Interface!$B$9),OR(Query_Interface!$B$10="All",$R188=Query_Interface!$B$10),OR(Query_Interface!$B$11="All",$T188=Query_Interface!$B$11),OR(Query_Interface!$B$12="All",$Q188=Query_Interface!$B$12)),1,0) -> 1 | Z188: =IF($Y188=1,COUNTIF($Y$2:$Y188,1),"") -> 187
A189: PNT000142 | B189: 142 | C189: B001 | D189: Winsor And Newton | E189: M003 | F189: Acrylic | G189: PL004 | H189: Professional Acrylic | I189: Artist Acrylic | J189: Azo Yellow Deep | K189: winsor and newton|acrylic|professional acrylic|azo yellow deep | L189: Yellow | M189: PIG000072 | N189: PY65 | O189: 1 | P189: 1 | Q189: Yes | R189: Semi Transparent | S189: ST | T189: Permanent | U189: I | V189: 2 | W189: Verified From Official Source | X189: https://www.winsornewton.com/pages/professional-acrylic-colour | Y189: =IF(AND(OR(Query_Interface!$B$5="All",$D189=Query_Interface!$B$5),OR(Query_Interface!$B$6="All",$F189=Query_Interface!$B$6),OR(Query_Interface!$B$7="All",$H189=Query_Interface!$B$7),OR(Query_Interface!$B$8="All",$N189=Query_Interface!$B$8),OR(Query_Interface!$B$9="All",$L189=Query_Interface!$B$9),OR(Query_Interface!$B$10="All",$R189=Query_Interface!$B$10),OR(Query_Interface!$B$11="All",$T189=Query_Interface!$B$11),OR(Query_Interface!$B$12="All",$Q189=Query_Interface!$B$12)),1,0) -> 1 | Z189: =IF($Y189=1,COUNTIF($Y$2:$Y189,1),"") -> 188
A190: PNT000143 | B190: 143 | C190: B001 | D190: Winsor And Newton | E190: M003 | F190: Acrylic | G190: PL004 | H190: Professional Acrylic | I190: Artist Acrylic | J190: Buff Titanium | K190: winsor and newton|acrylic|professional acrylic|buff titanium | L190: White | M190: PIG000013 | N190: PBk11 | O190: 1 | P190: 3 | Q190: No | R190: Opaque | S190: O | T190: Extremely Permanent | U190: I | V190: 1 | W190: Verified From Official Source | X190: https://www.winsornewton.com/pages/professional-acrylic-colour | Y190: =IF(AND(OR(Query_Interface!$B$5="All",$D190=Query_Interface!$B$5),OR(Query_Interface!$B$6="All",$F190=Query_Interface!$B$6),OR(Query_Interface!$B$7="All",$H190=Query_Interface!$B$7),OR(Query_Interface!$B$8="All",$N190=Query_Interface!$B$8),OR(Query_Interface!$B$9="All",$L190=Query_Interface!$B$9),OR(Query_Interface!$B$10="All",$R190=Query_Interface!$B$10),OR(Query_Interface!$B$11="All",$T190=Query_Interface!$B$11),OR(Query_Interface!$B$12="All",$Q190=Query_Interface!$B$12)),1,0) -> 1 | Z190: =IF($Y190=1,COUNTIF($Y$2:$Y190,1),"") -> 189
A191: PNT000143 | B191: 143 | C191: B001 | D191: Winsor And Newton | E191: M003 | F191: Acrylic | G191: PL004 | H191: Professional Acrylic | I191: Artist Acrylic | J191: Buff Titanium | K191: winsor and newton|acrylic|professional acrylic|buff titanium | L191: White | M191: PIG000058 | N191: PW6 | O191: 2 | P191: 3 | Q191: No | R191: Opaque | S191: O | T191: Extremely Permanent | U191: I | V191: 1 | W191: Verified From Official Source | X191: https://www.winsornewton.com/pages/professional-acrylic-colour | Y191: =IF(AND(OR(Query_Interface!$B$5="All",$D191=Query_Interface!$B$5),OR(Query_Interface!$B$6="All",$F191=Query_Interface!$B$6),OR(Query_Interface!$B$7="All",$H191=Query_Interface!$B$7),OR(Query_Interface!$B$8="All",$N191=Query_Interface!$B$8),OR(Query_Interface!$B$9="All",$L191=Query_Interface!$B$9),OR(Query_Interface!$B$10="All",$R191=Query_Interface!$B$10),OR(Query_Interface!$B$11="All",$T191=Query_Interface!$B$11),OR(Query_Interface!$B$12="All",$Q191=Query_Interface!$B$12)),1,0) -> 1 | Z191: =IF($Y191=1,COUNTIF($Y$2:$Y191,1),"") -> 190
A192: PNT000143 | B192: 143 | C192: B001 | D192: Winsor And Newton | E192: M003 | F192: Acrylic | G192: PL004 | H192: Professional Acrylic | I192: Artist Acrylic | J192: Buff Titanium | K192: winsor and newton|acrylic|professional acrylic|buff titanium | L192: White | M192: PIG000069 | N192: PY42 | O192: 3 | P192: 3 | Q192: No | R192: Opaque | S192: O | T192: Extremely Permanent | U192: I | V192: 1 | W192: Verified From Official Source | X192: https://www.winsornewton.com/pages/professional-acrylic-colour | Y192: =IF(AND(OR(Query_Interface!$B$5="All",$D192=Query_Interface!$B$5),OR(Query_Interface!$B$6="All",$F192=Query_Interface!$B$6),OR(Query_Interface!$B$7="All",$H192=Query_Interface!$B$7),OR(Query_Interface!$B$8="All",$N192=Query_Interface!$B$8),OR(Query_Interface!$B$9="All",$L192=Query_Interface!$B$9),OR(Query_Interface!$B$10="All",$R192=Query_Interface!$B$10),OR(Query_Interface!$B$11="All",$T192=Query_Interface!$B$11),OR(Query_Interface!$B$12="All",$Q192=Query_Interface!$B$12)),1,0) -> 1 | Z192: =IF($Y192=1,COUNTIF($Y$2:$Y192,1),"") -> 191
A193: PNT000144 | B193: 144 | C193: B001 | D193: Winsor And Newton | E193: M003 | F193: Acrylic | G193: PL004 | H193: Professional Acrylic | I193: Artist Acrylic | J193: Burnt Sienna | K193: winsor and newton|acrylic|professional acrylic|burnt sienna | L193: Orange | M193: PIG000033 | N193: PR101 | O193: 1 | P193: 1 | Q193: Yes | R193: Transparent | S193: T | T193: Extremely Permanent | U193: I | V193: 1 | W193: Verified From Official Source | X193: https://www.winsornewton.com/pages/professional-acrylic-colour | Y193: =IF(AND(OR(Query_Interface!$B$5="All",$D193=Query_Interface!$B$5),OR(Query_Interface!$B$6="All",$F193=Query_Interface!$B$6),OR(Query_Interface!$B$7="All",$H193=Query_Interface!$B$7),OR(Query_Interface!$B$8="All",$N193=Query_Interface!$B$8),OR(Query_Interface!$B$9="All",$L193=Query_Interface!$B$9),OR(Query_Interface!$B$10="All",$R193=Query_Interface!$B$10),OR(Query_Interface!$B$11="All",$T193=Query_Interface!$B$11),OR(Query_Interface!$B$12="All",$Q193=Query_Interface!$B$12)),1,0) -> 1 | Z193: =IF($Y193=1,COUNTIF($Y$2:$Y193,1),"") -> 192
A194: PNT000145 | B194: 145 | C194: B001 | D194: Winsor And Newton | E194: M003 | F194: Acrylic | G194: PL004 | H194: Professional Acrylic | I194: Artist Acrylic | J194: Burnt Umber | K194: winsor and newton|acrylic|professional acrylic|burnt umber | L194: Earth | M194: PIG000020 | N194: PBr7 | O194: 1 | P194: 1 | Q194: Yes | R194: Semi Opaque | S194: SO | T194: Extremely Permanent | U194: I | V194: 1 | W194: Verified From Official Source | X194: https://www.winsornewton.com/pages/professional-acrylic-colour | Y194: =IF(AND(OR(Query_Interface!$B$5="All",$D194=Query_Interface!$B$5),OR(Query_Interface!$B$6="All",$F194=Query_Interface!$B$6),OR(Query_Interface!$B$7="All",$H194=Query_Interface!$B$7),OR(Query_Interface!$B$8="All",$N194=Query_Interface!$B$8),OR(Query_Interface!$B$9="All",$L194=Query_Interface!$B$9),OR(Query_Interface!$B$10="All",$R194=Query_Interface!$B$10),OR(Query_Interface!$B$11="All",$T194=Query_Interface!$B$11),OR(Query_Interface!$B$12="All",$Q194=Query_Interface!$B$12)),1,0) -> 1 | Z194: =IF($Y194=1,COUNTIF($Y$2:$Y194,1),"") -> 193
A195: PNT000146 | B195: 146 | C195: B001 | D195: Winsor And Newton | E195: M003 | F195: Acrylic | G195: PL004 | H195: Professional Acrylic | I195: Artist Acrylic | J195: Cadmium Lemon | K195: winsor and newton|acrylic|professional acrylic|cadmium lemon | L195: Yellow | M195: PIG000068 | N195: PY35 | O195: 1 | P195: 1 | Q195: Yes | R195: Opaque | S195: O | T195: Permanent | U195: I | V195: 3 | W195: Verified From Official Source | X195: https://www.winsornewton.com/pages/professional-acrylic-colour | Y195: =IF(AND(OR(Query_Interface!$B$5="All",$D195=Query_Interface!$B$5),OR(Query_Interface!$B$6="All",$F195=Query_Interface!$B$6),OR(Query_Interface!$B$7="All",$H195=Query_Interface!$B$7),OR(Query_Interface!$B$8="All",$N195=Query_Interface!$B$8),OR(Query_Interface!$B$9="All",$L195=Query_Interface!$B$9),OR(Query_Interface!$B$10="All",$R195=Query_Interface!$B$10),OR(Query_Interface!$B$11="All",$T195=Query_Interface!$B$11),OR(Query_Interface!$B$12="All",$Q195=Query_Interface!$B$12)),1,0) -> 1 | Z195: =IF($Y195=1,COUNTIF($Y$2:$Y195,1),"") -> 194
A196: PNT000147 | B196: 147 | C196: B001 | D196: Winsor And Newton | E196: M003 | F196: Acrylic | G196: PL004 | H196: Professional Acrylic | I196: Artist Acrylic | J196: Cadmium Orange | K196: winsor and newton|acrylic|professional acrylic|cadmium orange | L196: Orange | M196: PIG000028 | N196: PO20 | O196: 1 | P196: 1 | Q196: Yes | R196: Opaque | S196: O | T196: Permanent | U196: I | V196: 3 | W196: Verified From Official Source | X196: https://www.winsornewton.com/pages/professional-acrylic-colour | Y196: =IF(AND(OR(Query_Interface!$B$5="All",$D196=Query_Interface!$B$5),OR(Query_Interface!$B$6="All",$F196=Query_Interface!$B$6),OR(Query_Interface!$B$7="All",$H196=Query_Interface!$B$7),OR(Query_Interface!$B$8="All",$N196=Query_Interface!$B$8),OR(Query_Interface!$B$9="All",$L196=Query_Interface!$B$9),OR(Query_Interface!$B$10="All",$R196=Query_Interface!$B$10),OR(Query_Interface!$B$11="All",$T196=Query_Interface!$B$11),OR(Query_Interface!$B$12="All",$Q196=Query_Interface!$B$12)),1,0) -> 1 | Z196: =IF($Y196=1,COUNTIF($Y$2:$Y196,1),"") -> 195
A197: PNT000148 | B197: 148 | C197: B001 | D197: Winsor And Newton | E197: M003 | F197: Acrylic | G197: PL004 | H197: Professional Acrylic | I197: Artist Acrylic | J197: Cadmium Red Deep | K197: winsor and newton|acrylic|professional acrylic|cadmium red deep | L197: Red | M197: PIG000035 | N197: PR108 | O197: 1 | P197: 1 | Q197: Yes | R197: Opaque | S197: O | T197: Permanent | U197: I | V197: 3 | W197: Verified From Official Source | X197: https://www.winsornewton.com/pages/professional-acrylic-colour | Y197: =IF(AND(OR(Query_Interface!$B$5="All",$D197=Query_Interface!$B$5),OR(Query_Interface!$B$6="All",$F197=Query_Interface!$B$6),OR(Query_Interface!$B$7="All",$H197=Query_Interface!$B$7),OR(Query_Interface!$B$8="All",$N197=Query_Interface!$B$8),OR(Query_Interface!$B$9="All",$L197=Query_Interface!$B$9),OR(Query_Interface!$B$10="All",$R197=Query_Interface!$B$10),OR(Query_Interface!$B$11="All",$T197=Query_Interface!$B$11),OR(Query_Interface!$B$12="All",$Q197=Query_Interface!$B$12)),1,0) -> 1 | Z197: =IF($Y197=1,COUNTIF($Y$2:$Y197,1),"") -> 196
A198: PNT000149 | B198: 149 | C198: B001 | D198: Winsor And Newton | E198: M003 | F198: Acrylic | G198: PL004 | H198: Professional Acrylic | I198: Artist Acrylic | J198: CadRedMed | K198: winsor and newton|acrylic|professional acrylic|cadredmed | L198: Red | M198: PIG000000 | N198: Not Provided | O198: 1 | P198: 0 | Q198: Unknown | W198: Needs Review | X198: https://sensuallogic.com/artistcolordata | Y198: =IF(AND(OR(Query_Interface!$B$5="All",$D198=Query_Interface!$B$5),OR(Query_Interface!$B$6="All",$F198=Query_Interface!$B$6),OR(Query_Interface!$B$7="All",$H198=Query_Interface!$B$7),OR(Query_Interface!$B$8="All",$N198=Query_Interface!$B$8),OR(Query_Interface!$B$9="All",$L198=Query_Interface!$B$9),OR(Query_Interface!$B$10="All",$R198=Query_Interface!$B$10),OR(Query_Interface!$B$11="All",$T198=Query_Interface!$B$11),OR(Query_Interface!$B$12="All",$Q198=Query_Interface!$B$12)),1,0) -> 1 | Z198: =IF($Y198=1,COUNTIF($Y$2:$Y198,1),"") -> 197
A199: PNT000150 | B199: 150 | C199: B001 | D199: Winsor And Newton | E199: M003 | F199: Acrylic | G199: PL004 | H199: Professional Acrylic | I199: Artist Acrylic | J199: Cadmium Red Light | K199: winsor and newton|acrylic|professional acrylic|cadmium red light | L199: Red | M199: PIG000035 | N199: PR108 | O199: 1 | P199: 1 | Q199: Yes | R199: Opaque | S199: O | T199: Permanent | U199: I | V199: 3 | W199: Verified From Official Source | X199: https://www.winsornewton.com/pages/professional-acrylic-colour | Y199: =IF(AND(OR(Query_Interface!$B$5="All",$D199=Query_Interface!$B$5),OR(Query_Interface!$B$6="All",$F199=Query_Interface!$B$6),OR(Query_Interface!$B$7="All",$H199=Query_Interface!$B$7),OR(Query_Interface!$B$8="All",$N199=Query_Interface!$B$8),OR(Query_Interface!$B$9="All",$L199=Query_Interface!$B$9),OR(Query_Interface!$B$10="All",$R199=Query_Interface!$B$10),OR(Query_Interface!$B$11="All",$T199=Query_Interface!$B$11),OR(Query_Interface!$B$12="All",$Q199=Query_Interface!$B$12)),1,0) -> 1 | Z199: =IF($Y199=1,COUNTIF($Y$2:$Y199,1),"") -> 198
A200: PNT000151 | B200: 151 | C200: B001 | D200: Winsor And Newton | E200: M003 | F200: Acrylic | G200: PL004 | H200: Professional Acrylic | I200: Artist Acrylic | J200: Cadmium Yellow Deep | K200: winsor and newton|acrylic|professional acrylic|cadmium yellow deep | L200: Yellow | M200: PIG000028 | N200: PO20 | O200: 1 | P200: 2 | Q200: No | R200: Opaque | S200: O | T200: Permanent | U200: I | V200: 3 | W200: Verified From Official Source | X200: https://www.winsornewton.com/pages/professional-acrylic-colour | Y200: =IF(AND(OR(Query_Interface!$B$5="All",$D200=Query_Interface!$B$5),OR(Query_Interface!$B$6="All",$F200=Query_Interface!$B$6),OR(Query_Interface!$B$7="All",$H200=Query_Interface!$B$7),OR(Query_Interface!$B$8="All",$N200=Query_Interface!$B$8),OR(Query_Interface!$B$9="All",$L200=Query_Interface!$B$9),OR(Query_Interface!$B$10="All",$R200=Query_Interface!$B$10),OR(Query_Interface!$B$11="All",$T200=Query_Interface!$B$11),OR(Query_Interface!$B$12="All",$Q200=Query_Interface!$B$12)),1,0) -> 1 | Z200: =IF($Y200=1,COUNTIF($Y$2:$Y200,1),"") -> 199
A201: PNT000151 | B201: 151 | C201: B001 | D201: Winsor And Newton | E201: M003 | F201: Acrylic | G201: PL004 | H201: Professional Acrylic | I201: Artist Acrylic | J201: Cadmium Yellow Deep | K201: winsor and newton|acrylic|professional acrylic|cadmium yellow deep | L201: Yellow | M201: PIG000068 | N201: PY35 | O201: 2 | P201: 2 | Q201: No | R201: Opaque | S201: O | T201: Permanent | U201: I | V201: 3 | W201: Verified From Official Source | X201: https://www.winsornewton.com/pages/professional-acrylic-colour | Y201: =IF(AND(OR(Query_Interface!$B$5="All",$D201=Query_Interface!$B$5),OR(Query_Interface!$B$6="All",$F201=Query_Interface!$B$6),OR(Query_Interface!$B$7="All",$H201=Query_Interface!$B$7),OR(Query_Interface!$B$8="All",$N201=Query_Interface!$B$8),OR(Query_Interface!$B$9="All",$L201=Query_Interface!$B$9),OR(Query_Interface!$B$10="All",$R201=Query_Interface!$B$10),OR(Query_Interface!$B$11="All",$T201=Query_Interface!$B$11),OR(Query_Interface!$B$12="All",$Q201=Query_Interface!$B$12)),1,0) -> 1 | Z201: =IF($Y201=1,COUNTIF($Y$2:$Y201,1),"") -> 200
A202: PNT000152 | B202: 152 | C202: B001 | D202: Winsor And Newton | E202: M003 | F202: Acrylic | G202: PL004 | H202: Professional Acrylic | I202: Artist Acrylic | J202: Cadmium Yellow Medium | K202: winsor and newton|acrylic|professional acrylic|cadmium yellow medium | L202: Yellow | M202: PIG000068 | N202: PY35 | O202: 1 | P202: 1 | Q202: Yes | R202: Opaque | S202: O | T202: Permanent | U202: I | V202: 3 | W202: Verified From Official Source | X202: https://www.winsornewton.com/pages/professional-acrylic-colour | Y202: =IF(AND(OR(Query_Interface!$B$5="All",$D202=Query_Interface!$B$5),OR(Query_Interface!$B$6="All",$F202=Query_Interface!$B$6),OR(Query_Interface!$B$7="All",$H202=Query_Interface!$B$7),OR(Query_Interface!$B$8="All",$N202=Query_Interface!$B$8),OR(Query_Interface!$B$9="All",$L202=Query_Interface!$B$9),OR(Query_Interface!$B$10="All",$R202=Query_Interface!$B$10),OR(Query_Interface!$B$11="All",$T202=Query_Interface!$B$11),OR(Query_Interface!$B$12="All",$Q202=Query_Interface!$B$12)),1,0) -> 1 | Z202: =IF($Y202=1,COUNTIF($Y$2:$Y202,1),"") -> 201
A203: PNT000153 | B203: 153 | C203: B001 | D203: Winsor And Newton | E203: M003 | F203: Acrylic | G203: PL004 | H203: Professional Acrylic | I203: Artist Acrylic | J203: Cerulean Blue Chromium | K203: winsor and newton|acrylic|professional acrylic|cerulean blue chromium | L203: Blue | M203: PIG000009 | N203: PB36 | O203: 1 | P203: 1 | Q203: Yes | R203: Opaque | S203: O | T203: Extremely Permanent | U203: I | V203: 4 | W203: Verified From Official Source | X203: https://www.winsornewton.com/pages/professional-acrylic-colour | Y203: =IF(AND(OR(Query_Interface!$B$5="All",$D203=Query_Interface!$B$5),OR(Query_Interface!$B$6="All",$F203=Query_Interface!$B$6),OR(Query_Interface!$B$7="All",$H203=Query_Interface!$B$7),OR(Query_Interface!$B$8="All",$N203=Query_Interface!$B$8),OR(Query_Interface!$B$9="All",$L203=Query_Interface!$B$9),OR(Query_Interface!$B$10="All",$R203=Query_Interface!$B$10),OR(Query_Interface!$B$11="All",$T203=Query_Interface!$B$11),OR(Query_Interface!$B$12="All",$Q203=Query_Interface!$B$12)),1,0) -> 1 | Z203: =IF($Y203=1,COUNTIF($Y$2:$Y203,1),"") -> 202
A204: PNT000154 | B204: 154 | C204: B001 | D204: Winsor And Newton | E204: M003 | F204: Acrylic | G204: PL004 | H204: Professional Acrylic | I204: Artist Acrylic | J204: Cerulean Blue | K204: winsor and newton|acrylic|professional acrylic|cerulean blue | L204: Blue | M204: PIG000008 | N204: PB35 | O204: 1 | P204: 1 | Q204: Yes | R204: Opaque | S204: O | T204: Extremely Permanent | U204: I | V204: 5 | W204: Verified From Official Source | X204: https://www.winsornewton.com/pages/professional-acrylic-colour | Y204: =IF(AND(OR(Query_Interface!$B$5="All",$D204=Query_Interface!$B$5),OR(Query_Interface!$B$6="All",$F204=Query_Interface!$B$6),OR(Query_Interface!$B$7="All",$H204=Query_Interface!$B$7),OR(Query_Interface!$B$8="All",$N204=Query_Interface!$B$8),OR(Query_Interface!$B$9="All",$L204=Query_Interface!$B$9),OR(Query_Interface!$B$10="All",$R204=Query_Interface!$B$10),OR(Query_Interface!$B$11="All",$T204=Query_Interface!$B$11),OR(Query_Interface!$B$12="All",$Q204=Query_Interface!$B$12)),1,0) -> 1 | Z204: =IF($Y204=1,COUNTIF($Y$2:$Y204,1),"") -> 203
A205: PNT000155 | B205: 155 | C205: B001 | D205: Winsor And Newton | E205: M003 | F205: Acrylic | G205: PL004 | H205: Professional Acrylic | I205: Artist Acrylic | J205: Chromium Oxide Green | K205: winsor and newton|acrylic|professional acrylic|chromium oxide green | L205: Green | M205: PIG000021 | N205: PG17 | O205: 1 | P205: 1 | Q205: Yes | R205: Opaque | S205: O | T205: Extremely Permanent | U205: I | V205: 3 | W205: Verified From Official Source | X205: https://www.winsornewton.com/pages/professional-acrylic-colour | Y205: =IF(AND(OR(Query_Interface!$B$5="All",$D205=Query_Interface!$B$5),OR(Query_Interface!$B$6="All",$F205=Query_Interface!$B$6),OR(Query_Interface!$B$7="All",$H205=Query_Interface!$B$7),OR(Query_Interface!$B$8="All",$N205=Query_Interface!$B$8),OR(Query_Interface!$B$9="All",$L205=Query_Interface!$B$9),OR(Query_Interface!$B$10="All",$R205=Query_Interface!$B$10),OR(Query_Interface!$B$11="All",$T205=Query_Interface!$B$11),OR(Query_Interface!$B$12="All",$Q205=Query_Interface!$B$12)),1,0) -> 1 | Z205: =IF($Y205=1,COUNTIF($Y$2:$Y205,1),"") -> 204
A206: PNT000156 | B206: 156 | C206: B001 | D206: Winsor And Newton | E206: M003 | F206: Acrylic | G206: PL004 | H206: Professional Acrylic | I206: Artist Acrylic | J206: Cobalt Blue | K206: winsor and newton|acrylic|professional acrylic|cobalt blue | L206: Blue | M206: PIG000006 | N206: PB28 | O206: 1 | P206: 1 | Q206: Yes | R206: Opaque | S206: O | T206: Extremely Permanent | U206: I | V206: 4 | W206: Verified From Official Source | X206: https://www.winsornewton.com/pages/professional-acrylic-colour | Y206: =IF(AND(OR(Query_Interface!$B$5="All",$D206=Query_Interface!$B$5),OR(Query_Interface!$B$6="All",$F206=Query_Interface!$B$6),OR(Query_Interface!$B$7="All",$H206=Query_Interface!$B$7),OR(Query_Interface!$B$8="All",$N206=Query_Interface!$B$8),OR(Query_Interface!$B$9="All",$L206=Query_Interface!$B$9),OR(Query_Interface!$B$10="All",$R206=Query_Interface!$B$10),OR(Query_Interface!$B$11="All",$T206=Query_Interface!$B$11),OR(Query_Interface!$B$12="All",$Q206=Query_Interface!$B$12)),1,0) -> 1 | Z206: =IF($Y206=1,COUNTIF($Y$2:$Y206,1),"") -> 205
A207: PNT000157 | B207: 157 | C207: B001 | D207: Winsor And Newton | E207: M003 | F207: Acrylic | G207: PL004 | H207: Professional Acrylic | I207: Artist Acrylic | J207: Cobalt Blue Deep | K207: winsor and newton|acrylic|professional acrylic|cobalt blue deep | L207: Blue | M207: PIG000078 | N207: PB73 | O207: 1 | P207: 1 | Q207: Yes | R207: Semi Opaque | S207: SO | T207: Extremely Permanent | U207: I | V207: 5 | W207: Verified From Official Source | X207: https://www.winsornewton.com/pages/professional-acrylic-colour | Y207: =IF(AND(OR(Query_Interface!$B$5="All",$D207=Query_Interface!$B$5),OR(Query_Interface!$B$6="All",$F207=Query_Interface!$B$6),OR(Query_Interface!$B$7="All",$H207=Query_Interface!$B$7),OR(Query_Interface!$B$8="All",$N207=Query_Interface!$B$8),OR(Query_Interface!$B$9="All",$L207=Query_Interface!$B$9),OR(Query_Interface!$B$10="All",$R207=Query_Interface!$B$10),OR(Query_Interface!$B$11="All",$T207=Query_Interface!$B$11),OR(Query_Interface!$B$12="All",$Q207=Query_Interface!$B$12)),1,0) -> 1 | Z207: =IF($Y207=1,COUNTIF($Y$2:$Y207,1),"") -> 206
A208: PNT000158 | B208: 158 | C208: B001 | D208: Winsor And Newton | E208: M003 | F208: Acrylic | G208: PL004 | H208: Professional Acrylic | I208: Artist Acrylic | J208: Cobalt Green | K208: winsor and newton|acrylic|professional acrylic|cobalt green | L208: Blue | M208: PIG000026 | N208: PG50 | O208: 1 | P208: 1 | Q208: Yes | R208: Opaque | S208: O | T208: Extremely Permanent | U208: I | V208: 4 | W208: Verified From Official Source | X208: https://www.winsornewton.com/pages/professional-acrylic-colour | Y208: =IF(AND(OR(Query_Interface!$B$5="All",$D208=Query_Interface!$B$5),OR(Query_Interface!$B$6="All",$F208=Query_Interface!$B$6),OR(Query_Interface!$B$7="All",$H208=Query_Interface!$B$7),OR(Query_Interface!$B$8="All",$N208=Query_Interface!$B$8),OR(Query_Interface!$B$9="All",$L208=Query_Interface!$B$9),OR(Query_Interface!$B$10="All",$R208=Query_Interface!$B$10),OR(Query_Interface!$B$11="All",$T208=Query_Interface!$B$11),OR(Query_Interface!$B$12="All",$Q208=Query_Interface!$B$12)),1,0) -> 1 | Z208: =IF($Y208=1,COUNTIF($Y$2:$Y208,1),"") -> 207
A209: PNT000159 | B209: 159 | C209: B001 | D209: Winsor And Newton | E209: M003 | F209: Acrylic | G209: PL004 | H209: Professional Acrylic | I209: Artist Acrylic | J209: Cobalt Green Deep | K209: winsor and newton|acrylic|professional acrylic|cobalt green deep | L209: Blue | M209: PIG000024 | N209: PG26 | O209: 1 | P209: 1 | Q209: Yes | R209: Semi Opaque | S209: SO | T209: Extremely Permanent | U209: I | V209: 3 | W209: Verified From Official Source | X209: https://www.winsornewton.com/pages/professional-acrylic-colour | Y209: =IF(AND(OR(Query_Interface!$B$5="All",$D209=Query_Interface!$B$5),OR(Query_Interface!$B$6="All",$F209=Query_Interface!$B$6),OR(Query_Interface!$B$7="All",$H209=Query_Interface!$B$7),OR(Query_Interface!$B$8="All",$N209=Query_Interface!$B$8),OR(Query_Interface!$B$9="All",$L209=Query_Interface!$B$9),OR(Query_Interface!$B$10="All",$R209=Query_Interface!$B$10),OR(Query_Interface!$B$11="All",$T209=Query_Interface!$B$11),OR(Query_Interface!$B$12="All",$Q209=Query_Interface!$B$12)),1,0) -> 1 | Z209: =IF($Y209=1,COUNTIF($Y$2:$Y209,1),"") -> 208
A210: PNT000160 | B210: 160 | C210: B001 | D210: Winsor And Newton | E210: M003 | F210: Acrylic | G210: PL004 | H210: Professional Acrylic | I210: Artist Acrylic | J210: Cobalt Turquoise Light | K210: winsor and newton|acrylic|professional acrylic|cobalt turquoise light | L210: Blue | M210: PIG000026 | N210: PG50 | O210: 1 | P210: 1 | Q210: Yes | R210: Opaque | S210: O | T210: Extremely Permanent | U210: I | V210: 4 | W210: Verified From Official Source | X210: https://www.winsornewton.com/pages/professional-acrylic-colour | Y210: =IF(AND(OR(Query_Interface!$B$5="All",$D210=Query_Interface!$B$5),OR(Query_Interface!$B$6="All",$F210=Query_Interface!$B$6),OR(Query_Interface!$B$7="All",$H210=Query_Interface!$B$7),OR(Query_Interface!$B$8="All",$N210=Query_Interface!$B$8),OR(Query_Interface!$B$9="All",$L210=Query_Interface!$B$9),OR(Query_Interface!$B$10="All",$R210=Query_Interface!$B$10),OR(Query_Interface!$B$11="All",$T210=Query_Interface!$B$11),OR(Query_Interface!$B$12="All",$Q210=Query_Interface!$B$12)),1,0) -> 1 | Z210: =IF($Y210=1,COUNTIF($Y$2:$Y210,1),"") -> 209
... A259: PNT000201 | B259: 201 | C259: B001 | D259: Winsor And Newton | E259: M003 | F259: Acrylic | G259: PL004 | H259: Professional Acrylic | I259: Artist Acrylic | J259: Titanium White | K259: winsor and newton|acrylic|professional acrylic|titanium white | L259: White | M259: PIG000058 | N259: PW6 | O259: 1 | P259: 1 | Q259: Yes | R259: Opaque | S259: O | T259: Extremely Permanent | U259: I | V259: 1 | W259: Verified From Official Source | X259: https://www.winsornewton.com/pages/professional-acrylic-colour | Y259: =IF(AND(OR(Query_Interface!$B$5="All",$D259=Query_Interface!$B$5),OR(Query_Interface!$B$6="All",$F259=Query_Interface!$B$6),OR(Query_Interface!$B$7="All",$H259=Query_Interface!$B$7),OR(Query_Interface!$B$8="All",$N259=Query_Interface!$B$8),OR(Query_Interface!$B$9="All",$L259=Query_Interface!$B$9),OR(Query_Interface!$B$10="All",$R259=Query_Interface!$B$10),OR(Query_Interface!$B$11="All",$T259=Query_Interface!$B$11),OR(Query_Interface!$B$12="All",$Q259=Query_Interface!$B$12)),1,0) -> 1 | Z259: =IF($Y259=1,COUNTIF($Y$2:$Y259,1),"") -> 258
A260: PNT000202 | B260: 202 | C260: B001 | D260: Winsor And Newton | E260: M003 | F260: Acrylic | G260: PL004 | H260: Professional Acrylic | I260: Artist Acrylic | J260: Iridescent White | K260: winsor and newton|acrylic|professional acrylic|iridescent white | L260: White | N260: N/A | P260: 0 | Q260: Not Applicable | R260: Semi Opaque | S260: SO | T260: Permanent | U260: N/A | V260: 3 | W260: Verified From Official Source | X260: https://www.winsornewton.com/pages/professional-acrylic-colour | Y260: =IF(AND(OR(Query_Interface!$B$5="All",$D260=Query_Interface!$B$5),OR(Query_Interface!$B$6="All",$F260=Query_Interface!$B$6),OR(Query_Interface!$B$7="All",$H260=Query_Interface!$B$7),OR(Query_Interface!$B$8="All",$N260=Query_Interface!$B$8),OR(Query_Interface!$B$9="All",$L260=Query_Interface!$B$9),OR(Query_Interface!$B$10="All",$R260=Query_Interface!$B$10),OR(Query_Interface!$B$11="All",$T260=Query_Interface!$B$11),OR(Query_Interface!$B$12="All",$Q260=Query_Interface!$B$12)),1,0) -> 1 | Z260: =IF($Y260=1,COUNTIF($Y$2:$Y260,1),"") -> 259
A261: PNT000203 | B261: 203 | C261: B001 | D261: Winsor And Newton | E261: M003 | F261: Acrylic | G261: PL004 | H261: Professional Acrylic | I261: Artist Acrylic | J261: Silver | K261: winsor and newton|acrylic|professional acrylic|silver | L261: Metallic | N261: N/A | P261: 0 | Q261: Not Applicable | R261: Semi Opaque | S261: SO | T261: Permanent | U261: N/A | V261: 3 | W261: Verified From Official Source | X261: https://www.winsornewton.com/pages/professional-acrylic-colour | Y261: =IF(AND(OR(Query_Interface!$B$5="All",$D261=Query_Interface!$B$5),OR(Query_Interface!$B$6="All",$F261=Query_Interface!$B$6),OR(Query_Interface!$B$7="All",$H261=Query_Interface!$B$7),OR(Query_Interface!$B$8="All",$N261=Query_Interface!$B$8),OR(Query_Interface!$B$9="All",$L261=Query_Interface!$B$9),OR(Query_Interface!$B$10="All",$R261=Query_Interface!$B$10),OR(Query_Interface!$B$11="All",$T261=Query_Interface!$B$11),OR(Query_Interface!$B$12="All",$Q261=Query_Interface!$B$12)),1,0) -> 1 | Z261: =IF($Y261=1,COUNTIF($Y$2:$Y261,1),"") -> 260
A262: PNT000204 | B262: 204 | C262: B001 | D262: Winsor And Newton | E262: M003 | F262: Acrylic | G262: PL004 | H262: Professional Acrylic | I262: Artist Acrylic | J262: Silver No. 2 | K262: winsor and newton|acrylic|professional acrylic|silver no. 2 | L262: Metallic | N262: N/A | P262: 0 | Q262: Not Applicable | R262: Semi Opaque | S262: SO | T262: Permanent | U262: N/A | V262: 3 | W262: Verified From Official Source | X262: https://www.winsornewton.com/pages/professional-acrylic-colour | Y262: =IF(AND(OR(Query_Interface!$B$5="All",$D262=Query_Interface!$B$5),OR(Query_Interface!$B$6="All",$F262=Query_Interface!$B$6),OR(Query_Interface!$B$7="All",$H262=Query_Interface!$B$7),OR(Query_Interface!$B$8="All",$N262=Query_Interface!$B$8),OR(Query_Interface!$B$9="All",$L262=Query_Interface!$B$9),OR(Query_Interface!$B$10="All",$R262=Query_Interface!$B$10),OR(Query_Interface!$B$11="All",$T262=Query_Interface!$B$11),OR(Query_Interface!$B$12="All",$Q262=Query_Interface!$B$12)),1,0) -> 1 | Z262: =IF($Y262=1,COUNTIF($Y$2:$Y262,1),"") -> 261
A263: PNT000205 | B263: 205 | C263: B001 | D263: Winsor And Newton | E263: M003 | F263: Acrylic | G263: PL004 | H263: Professional Acrylic | I263: Artist Acrylic | J263: Gold | K263: winsor and newton|acrylic|professional acrylic|gold | L263: Yellow | N263: N/A | P263: 0 | Q263: Not Applicable | R263: Semi Opaque | S263: SO | T263: Permanent | U263: N/A | V263: 3 | W263: Verified From Official Source | X263: https://www.winsornewton.com/pages/professional-acrylic-colour | Y263: =IF(AND(OR(Query_Interface!$B$5="All",$D263=Query_Interface!$B$5),OR(Query_Interface!$B$6="All",$F263=Query_Interface!$B$6),OR(Query_Interface!$B$7="All",$H263=Query_Interface!$B$7),OR(Query_Interface!$B$8="All",$N263=Query_Interface!$B$8),OR(Query_Interface!$B$9="All",$L263=Query_Interface!$B$9),OR(Query_Interface!$B$10="All",$R263=Query_Interface!$B$10),OR(Query_Interface!$B$11="All",$T263=Query_Interface!$B$11),OR(Query_Interface!$B$12="All",$Q263=Query_Interface!$B$12)),1,0) -> 1 | Z263: =IF($Y263=1,COUNTIF($Y$2:$Y263,1),"") -> 262
A264: PNT000206 | B264: 206 | C264: B001 | D264: Winsor And Newton | E264: M003 | F264: Acrylic | G264: PL004 | H264: Professional Acrylic | I264: Artist Acrylic | J264: Renaissance Gold | K264: winsor and newton|acrylic|professional acrylic|renaissance gold | L264: Yellow | N264: N/A | P264: 0 | Q264: Not Applicable | R264: Semi Opaque | S264: SO | T264: Permanent | U264: N/A | V264: 3 | W264: Verified From Official Source | X264: https://www.winsornewton.com/pages/professional-acrylic-colour | Y264: =IF(AND(OR(Query_Interface!$B$5="All",$D264=Query_Interface!$B$5),OR(Query_Interface!$B$6="All",$F264=Query_Interface!$B$6),OR(Query_Interface!$B$7="All",$H264=Query_Interface!$B$7),OR(Query_Interface!$B$8="All",$N264=Query_Interface!$B$8),OR(Query_Interface!$B$9="All",$L264=Query_Interface!$B$9),OR(Query_Interface!$B$10="All",$R264=Query_Interface!$B$10),OR(Query_Interface!$B$11="All",$T264=Query_Interface!$B$11),OR(Query_Interface!$B$12="All",$Q264=Query_Interface!$B$12)),1,0) -> 1 | Z264: =IF($Y264=1,COUNTIF($Y$2:$Y264,1),"") -> 263
A265: PNT000207 | B265: 207 | C265: B001 | D265: Winsor And Newton | E265: M003 | F265: Acrylic | G265: PL004 | H265: Professional Acrylic | I265: Artist Acrylic | J265: Antique Gold | K265: winsor and newton|acrylic|professional acrylic|antique gold | L265: Yellow | N265: N/A | P265: 0 | Q265: Not Applicable | R265: Semi Opaque | S265: SO | T265: Permanent | U265: N/A | V265: 3 | W265: Verified From Official Source | X265: https://www.winsornewton.com/pages/professional-acrylic-colour | Y265: =IF(AND(OR(Query_Interface!$B$5="All",$D265=Query_Interface!$B$5),OR(Query_Interface!$B$6="All",$F265=Query_Interface!$B$6),OR(Query_Interface!$B$7="All",$H265=Query_Interface!$B$7),OR(Query_Interface!$B$8="All",$N265=Query_Interface!$B$8),OR(Query_Interface!$B$9="All",$L265=Query_Interface!$B$9),OR(Query_Interface!$B$10="All",$R265=Query_Interface!$B$10),OR(Query_Interface!$B$11="All",$T265=Query_Interface!$B$11),OR(Query_Interface!$B$12="All",$Q265=Query_Interface!$B$12)),1,0) -> 1 | Z265: =IF($Y265=1,COUNTIF($Y$2:$Y265,1),"") -> 264
A266: PNT000208 | B266: 208 | C266: B001 | D266: Winsor And Newton | E266: M003 | F266: Acrylic | G266: PL004 | H266: Professional Acrylic | I266: Artist Acrylic | J266: Olive Green | K266: winsor and newton|acrylic|professional acrylic|olive green | L266: Green | M266: PIG000017 | N266: PBk9 | O266: 1 | P266: 3 | Q266: No | R266: Transparent | S266: T | T266: Permanent | U266: N/A | V266: 2 | W266: Verified From Official Source | X266: https://www.winsornewton.com/pages/professional-acrylic-colour | Y266: =IF(AND(OR(Query_Interface!$B$5="All",$D266=Query_Interface!$B$5),OR(Query_Interface!$B$6="All",$F266=Query_Interface!$B$6),OR(Query_Interface!$B$7="All",$H266=Query_Interface!$B$7),OR(Query_Interface!$B$8="All",$N266=Query_Interface!$B$8),OR(Query_Interface!$B$9="All",$L266=Query_Interface!$B$9),OR(Query_Interface!$B$10="All",$R266=Query_Interface!$B$10),OR(Query_Interface!$B$11="All",$T266=Query_Interface!$B$11),OR(Query_Interface!$B$12="All",$Q266=Query_Interface!$B$12)),1,0) -> 1 | Z266: =IF($Y266=1,COUNTIF($Y$2:$Y266,1),"") -> 265
A267: PNT000208 | B267: 208 | C267: B001 | D267: Winsor And Newton | E267: M003 | F267: Acrylic | G267: PL004 | H267: Professional Acrylic | I267: Artist Acrylic | J267: Olive Green | K267: winsor and newton|acrylic|professional acrylic|olive green | L267: Green | M267: PIG000061 | N267: PY129 | O267: 2 | P267: 3 | Q267: No | R267: Transparent | S267: T | T267: Permanent | U267: N/A | V267: 2 | W267: Verified From Official Source | X267: https://www.winsornewton.com/pages/professional-acrylic-colour | Y267: =IF(AND(OR(Query_Interface!$B$5="All",$D267=Query_Interface!$B$5),OR(Query_Interface!$B$6="All",$F267=Query_Interface!$B$6),OR(Query_Interface!$B$7="All",$H267=Query_Interface!$B$7),OR(Query_Interface!$B$8="All",$N267=Query_Interface!$B$8),OR(Query_Interface!$B$9="All",$L267=Query_Interface!$B$9),OR(Query_Interface!$B$10="All",$R267=Query_Interface!$B$10),OR(Query_Interface!$B$11="All",$T267=Query_Interface!$B$11),OR(Query_Interface!$B$12="All",$Q267=Query_Interface!$B$12)),1,0) -> 1 | Z267: =IF($Y267=1,COUNTIF($Y$2:$Y267,1),"") -> 266
A268: PNT000208 | B268: 208 | C268: B001 | D268: Winsor And Newton | E268: M003 | F268: Acrylic | G268: PL004 | H268: Professional Acrylic | I268: Artist Acrylic | J268: Olive Green | K268: winsor and newton|acrylic|professional acrylic|olive green | L268: Green | M268: PIG000063 | N268: PY139 | O268: 3 | P268: 3 | Q268: No | R268: Transparent | S268: T | T268: Permanent | U268: N/A | V268: 2 | W268: Verified From Official Source | X268: https://www.winsornewton.com/pages/professional-acrylic-colour | Y268: =IF(AND(OR(Query_Interface!$B$5="All",$D268=Query_Interface!$B$5),OR(Query_Interface!$B$6="All",$F268=Query_Interface!$B$6),OR(Query_Interface!$B$7="All",$H268=Query_Interface!$B$7),OR(Query_Interface!$B$8="All",$N268=Query_Interface!$B$8),OR(Query_Interface!$B$9="All",$L268=Query_Interface!$B$9),OR(Query_Interface!$B$10="All",$R268=Query_Interface!$B$10),OR(Query_Interface!$B$11="All",$T268=Query_Interface!$B$11),OR(Query_Interface!$B$12="All",$Q268=Query_Interface!$B$12)),1,0) -> 1 | Z268: =IF($Y268=1,COUNTIF($Y$2:$Y268,1),"") -> 267
A269: PNT000209 | B269: 209 | C269: B001 | D269: Winsor And Newton | E269: M003 | F269: Acrylic | G269: PL004 | H269: Professional Acrylic | I269: Artist Acrylic | J269: Green Gold | K269: winsor and newton|acrylic|professional acrylic|green gold | L269: Yellow | M269: PIG000061 | N269: PY129 | O269: 1 | P269: 1 | Q269: Yes | R269: Transparent | S269: T | T269: Permanent | U269: N/A | V269: 4 | W269: Verified From Official Source | X269: https://www.winsornewton.com/pages/professional-acrylic-colour | Y269: =IF(AND(OR(Query_Interface!$B$5="All",$D269=Query_Interface!$B$5),OR(Query_Interface!$B$6="All",$F269=Query_Interface!$B$6),OR(Query_Interface!$B$7="All",$H269=Query_Interface!$B$7),OR(Query_Interface!$B$8="All",$N269=Query_Interface!$B$8),OR(Query_Interface!$B$9="All",$L269=Query_Interface!$B$9),OR(Query_Interface!$B$10="All",$R269=Query_Interface!$B$10),OR(Query_Interface!$B$11="All",$T269=Query_Interface!$B$11),OR(Query_Interface!$B$12="All",$Q269=Query_Interface!$B$12)),1,0) -> 1 | Z269: =IF($Y269=1,COUNTIF($Y$2:$Y269,1),"") -> 268
A270: PNT000210 | B270: 210 | C270: B001 | D270: Winsor And Newton | E270: M003 | F270: Acrylic | G270: PL004 | H270: Professional Acrylic | I270: Artist Acrylic | J270: Buff Titanium | K270: winsor and newton|acrylic|professional acrylic|buff titanium | L270: Earth | M270: PIG000013 | N270: PBk11 | O270: 1 | P270: 3 | Q270: No | R270: Opaque | S270: O | T270: Extremely Permanent | U270: I | V270: 1 | W270: Verified From Official Source | X270: https://www.winsornewton.com/pages/professional-acrylic-colour | Y270: =IF(AND(OR(Query_Interface!$B$5="All",$D270=Query_Interface!$B$5),OR(Query_Interface!$B$6="All",$F270=Query_Interface!$B$6),OR(Query_Interface!$B$7="All",$H270=Query_Interface!$B$7),OR(Query_Interface!$B$8="All",$N270=Query_Interface!$B$8),OR(Query_Interface!$B$9="All",$L270=Query_Interface!$B$9),OR(Query_Interface!$B$10="All",$R270=Query_Interface!$B$10),OR(Query_Interface!$B$11="All",$T270=Query_Interface!$B$11),OR(Query_Interface!$B$12="All",$Q270=Query_Interface!$B$12)),1,0) -> 1 | Z270: =IF($Y270=1,COUNTIF($Y$2:$Y270,1),"") -> 269
A271: PNT000210 | B271: 210 | C271: B001 | D271: Winsor And Newton | E271: M003 | F271: Acrylic | G271: PL004 | H271: Professional Acrylic | I271: Artist Acrylic | J271: Buff Titanium | K271: winsor and newton|acrylic|professional acrylic|buff titanium | L271: Earth | M271: PIG000058 | N271: PW6 | O271: 2 | P271: 3 | Q271: No | R271: Opaque | S271: O | T271: Extremely Permanent | U271: I | V271: 1 | W271: Verified From Official Source | X271: https://www.winsornewton.com/pages/professional-acrylic-colour | Y271: =IF(AND(OR(Query_Interface!$B$5="All",$D271=Query_Interface!$B$5),OR(Query_Interface!$B$6="All",$F271=Query_Interface!$B$6),OR(Query_Interface!$B$7="All",$H271=Query_Interface!$B$7),OR(Query_Interface!$B$8="All",$N271=Query_Interface!$B$8),OR(Query_Interface!$B$9="All",$L271=Query_Interface!$B$9),OR(Query_Interface!$B$10="All",$R271=Query_Interface!$B$10),OR(Query_Interface!$B$11="All",$T271=Query_Interface!$B$11),OR(Query_Interface!$B$12="All",$Q271=Query_Interface!$B$12)),1,0) -> 1 | Z271: =IF($Y271=1,COUNTIF($Y$2:$Y271,1),"") -> 270
A272: PNT000210 | B272: 210 | C272: B001 | D272: Winsor And Newton | E272: M003 | F272: Acrylic | G272: PL004 | H272: Professional Acrylic | I272: Artist Acrylic | J272: Buff Titanium | K272: winsor and newton|acrylic|professional acrylic|buff titanium | L272: Earth | M272: PIG000069 | N272: PY42 | O272: 3 | P272: 3 | Q272: No | R272: Opaque | S272: O | T272: Extremely Permanent | U272: I | V272: 1 | W272: Verified From Official Source | X272: https://www.winsornewton.com/pages/professional-acrylic-colour | Y272: =IF(AND(OR(Query_Interface!$B$5="All",$D272=Query_Interface!$B$5),OR(Query_Interface!$B$6="All",$F272=Query_Interface!$B$6),OR(Query_Interface!$B$7="All",$H272=Query_Interface!$B$7),OR(Query_Interface!$B$8="All",$N272=Query_Interface!$B$8),OR(Query_Interface!$B$9="All",$L272=Query_Interface!$B$9),OR(Query_Interface!$B$10="All",$R272=Query_Interface!$B$10),OR(Query_Interface!$B$11="All",$T272=Query_Interface!$B$11),OR(Query_Interface!$B$12="All",$Q272=Query_Interface!$B$12)),1,0) -> 1 | Z272: =IF($Y272=1,COUNTIF($Y$2:$Y272,1),"") -> 271
A273: PNT000211 | B273: 211 | C273: B001 | D273: Winsor And Newton | E273: M003 | F273: Acrylic | G273: PL004 | H273: Professional Acrylic | I273: Artist Acrylic | J273: Naples Yellow | K273: winsor and newton|acrylic|professional acrylic|naples yellow | L273: Yellow | M273: PIG000018 | N273: PBr24 | O273: 1 | P273: 2 | Q273: No | R273: Opaque | S273: O | T273: Extremely Permanent | U273: N/A | V273: 2 | W273: Verified From Official Source | X273: https://www.winsornewton.com/pages/professional-acrylic-colour | Y273: =IF(AND(OR(Query_Interface!$B$5="All",$D273=Query_Interface!$B$5),OR(Query_Interface!$B$6="All",$F273=Query_Interface!$B$6),OR(Query_Interface!$B$7="All",$H273=Query_Interface!$B$7),OR(Query_Interface!$B$8="All",$N273=Query_Interface!$B$8),OR(Query_Interface!$B$9="All",$L273=Query_Interface!$B$9),OR(Query_Interface!$B$10="All",$R273=Query_Interface!$B$10),OR(Query_Interface!$B$11="All",$T273=Query_Interface!$B$11),OR(Query_Interface!$B$12="All",$Q273=Query_Interface!$B$12)),1,0) -> 1 | Z273: =IF($Y273=1,COUNTIF($Y$2:$Y273,1),"") -> 272
A274: PNT000211 | B274: 211 | C274: B001 | D274: Winsor And Newton | E274: M003 | F274: Acrylic | G274: PL004 | H274: Professional Acrylic | I274: Artist Acrylic | J274: Naples Yellow | K274: winsor and newton|acrylic|professional acrylic|naples yellow | L274: Yellow | M274: PIG000058 | N274: PW6 | O274: 2 | P274: 2 | Q274: No | R274: Opaque | S274: O | T274: Extremely Permanent | U274: N/A | V274: 2 | W274: Verified From Official Source | X274: https://www.winsornewton.com/pages/professional-acrylic-colour | Y274: =IF(AND(OR(Query_Interface!$B$5="All",$D274=Query_Interface!$B$5),OR(Query_Interface!$B$6="All",$F274=Query_Interface!$B$6),OR(Query_Interface!$B$7="All",$H274=Query_Interface!$B$7),OR(Query_Interface!$B$8="All",$N274=Query_Interface!$B$8),OR(Query_Interface!$B$9="All",$L274=Query_Interface!$B$9),OR(Query_Interface!$B$10="All",$R274=Query_Interface!$B$10),OR(Query_Interface!$B$11="All",$T274=Query_Interface!$B$11),OR(Query_Interface!$B$12="All",$Q274=Query_Interface!$B$12)),1,0) -> 1 | Z274: =IF($Y274=1,COUNTIF($Y$2:$Y274,1),"") -> 273
A275: PNT000212 | B275: 212 | C275: B001 | D275: Winsor And Newton | E275: M003 | F275: Acrylic | G275: PL004 | H275: Professional Acrylic | I275: Artist Acrylic | J275: Naples Yellow Deep | K275: winsor and newton|acrylic|professional acrylic|naples yellow deep | L275: Yellow | M275: PIG000018 | N275: PBr24 | O275: 1 | P275: 1 | Q275: Yes | R275: Opaque | S275: O | T275: Extremely Permanent | U275: N/A | V275: 2 | W275: Verified From Official Source | X275: https://www.winsornewton.com/pages/professional-acrylic-colour | Y275: =IF(AND(OR(Query_Interface!$B$5="All",$D275=Query_Interface!$B$5),OR(Query_Interface!$B$6="All",$F275=Query_Interface!$B$6),OR(Query_Interface!$B$7="All",$H275=Query_Interface!$B$7),OR(Query_Interface!$B$8="All",$N275=Query_Interface!$B$8),OR(Query_Interface!$B$9="All",$L275=Query_Interface!$B$9),OR(Query_Interface!$B$10="All",$R275=Query_Interface!$B$10),OR(Query_Interface!$B$11="All",$T275=Query_Interface!$B$11),OR(Query_Interface!$B$12="All",$Q275=Query_Interface!$B$12)),1,0) -> 1 | Z275: =IF($Y275=1,COUNTIF($Y$2:$Y275,1),"") -> 274
A276: PNT000213 | B276: 213 | C276: B001 | D276: Winsor And Newton | E276: M003 | F276: Acrylic | G276: PL004 | H276: Professional Acrylic | I276: Artist Acrylic | J276: Yellow Ochre | K276: winsor and newton|acrylic|professional acrylic|yellow ochre | L276: Yellow | M276: PIG000070 | N276: PY43 | O276: 1 | P276: 1 | Q276: Yes | R276: Semi Transparent | S276: ST | T276: Extremely Permanent | U276: I | V276: 1 | W276: Verified From Official Source | X276: https://www.winsornewton.com/pages/professional-acrylic-colour | Y276: =IF(AND(OR(Query_Interface!$B$5="All",$D276=Query_Interface!$B$5),OR(Query_Interface!$B$6="All",$F276=Query_Interface!$B$6),OR(Query_Interface!$B$7="All",$H276=Query_Interface!$B$7),OR(Query_Interface!$B$8="All",$N276=Query_Interface!$B$8),OR(Query_Interface!$B$9="All",$L276=Query_Interface!$B$9),OR(Query_Interface!$B$10="All",$R276=Query_Interface!$B$10),OR(Query_Interface!$B$11="All",$T276=Query_Interface!$B$11),OR(Query_Interface!$B$12="All",$Q276=Query_Interface!$B$12)),1,0) -> 1 | Z276: =IF($Y276=1,COUNTIF($Y$2:$Y276,1),"") -> 275
A277: PNT000214 | B277: 214 | C277: B001 | D277: Winsor And Newton | E277: M003 | F277: Acrylic | G277: PL004 | H277: Professional Acrylic | I277: Artist Acrylic | J277: Yellow Iron Oxide | K277: winsor and newton|acrylic|professional acrylic|yellow iron oxide | L277: Yellow | M277: PIG000069 | N277: PY42 | O277: 1 | P277: 1 | Q277: Yes | R277: Opaque | S277: O | T277: Extremely Permanent | U277: I | V277: 1 | W277: Verified From Official Source | X277: https://www.winsornewton.com/pages/professional-acrylic-colour | Y277: =IF(AND(OR(Query_Interface!$B$5="All",$D277=Query_Interface!$B$5),OR(Query_Interface!$B$6="All",$F277=Query_Interface!$B$6),OR(Query_Interface!$B$7="All",$H277=Query_Interface!$B$7),OR(Query_Interface!$B$8="All",$N277=Query_Interface!$B$8),OR(Query_Interface!$B$9="All",$L277=Query_Interface!$B$9),OR(Query_Interface!$B$10="All",$R277=Query_Interface!$B$10),OR(Query_Interface!$B$11="All",$T277=Query_Interface!$B$11),OR(Query_Interface!$B$12="All",$Q277=Query_Interface!$B$12)),1,0) -> 1 | Z277: =IF($Y277=1,COUNTIF($Y$2:$Y277,1),"") -> 276
... A353: PNT000279 | B353: 279 | C353: B001 | D353: Winsor And Newton | E353: M003 | F353: Acrylic | G353: PL004 | H353: Professional Acrylic | I353: Artist Acrylic | J353: Mars Black | K353: winsor and newton|acrylic|professional acrylic|mars black | L353: Black Or Gray | M353: PIG000013 | N353: PBk11 | O353: 1 | P353: 1 | Q353: Yes | R353: Opaque | S353: O | T353: Extremely Permanent | U353: I | V353: 1 | W353: Verified From Official Source | X353: https://www.winsornewton.com/pages/professional-acrylic-colour | Y353: =IF(AND(OR(Query_Interface!$B$5="All",$D353=Query_Interface!$B$5),OR(Query_Interface!$B$6="All",$F353=Query_Interface!$B$6),OR(Query_Interface!$B$7="All",$H353=Query_Interface!$B$7),OR(Query_Interface!$B$8="All",$N353=Query_Interface!$B$8),OR(Query_Interface!$B$9="All",$L353=Query_Interface!$B$9),OR(Query_Interface!$B$10="All",$R353=Query_Interface!$B$10),OR(Query_Interface!$B$11="All",$T353=Query_Interface!$B$11),OR(Query_Interface!$B$12="All",$Q353=Query_Interface!$B$12)),1,0) -> 1 | Z353: =IF($Y353=1,COUNTIF($Y$2:$Y353,1),"") -> 352

Sheet Query_Filter_Instructions
A1: Query Need | B1: Use This Sheet | C1: Filter Column | D1: Notes
A2: Find all paints from one brand | B2: Query_Source_View | C2: Brand_Name | D2: Example: Winsor And Newton
A3: Find paints from a medium | B3: Query_Source_View | C3: Medium | D3: Example: Acrylic, Watercolor, Water Mixable Oil
A4: Find a product line/formulation | B4: Query_Source_View | C4: Product_Line_Name | D4: Example: Professional Acrylic, Heavy Body Acrylics, Artisan Water Mixable Oil
A5: Find a color family | B5: Query_Source_View | C5: Color_Family | D5: Example: Yellow, Blue, Earth
A6: Find a pigment code | B6: Query_Source_View | C6: Pigment_Code | D6: Currently pending for many v2 Sensual Logic records; fill later from manufacturer/reference sources
A7: Find measured RGB values | B7: Query_Source_View | C7: RGB_Red / RGB_Green / RGB_Blue / RGB_Combined | D7: Use number filters on individual RGB columns
A8: Find density | B8: Query_Source_View | C8: Density | D8: Use number filters
A9: Check relationships | B9: Paints / Brands / Mediums / Product_Lines_Formulations | C9: ID columns | D9: Query_Source_View pulls these together for easier viewing

Sheet Version_History
A1: Version | B1: File Name | C1: Date | D1: Change Summary
A2: v1 | B2: ChromaCodex-Database-v1.xlsx | C2: 2026-05-18 | D2: Created corrected working database structure. Added separate Brand, Medium, Product Line / Formulation, and Paint Product logic; added brand-unique attribute tables; retained WN Sensual Logic import data.
A3: v2 | B3: ChromaCodex-Database-v2.xlsx | C3: 2026-05-18 | D3: Added relational ID architecture: Paints, Pigments, Paint_Pigments, Measurements, Paint_Behavior, Sources, ID_Crosswalk, Relationship_Map, and relational data dictionary.
A4: v3 Repaired | B4: 2026-05-18 | C4: Rebuilt from ChromaCodex-Database-v2, preserved all v2 sheets, added safe filterable Query_Source_View and Query_Dashboard without removing relational tabs.
A5: v6 | B5: Added query dashboard with preserved workbook tabs | C5: Created stable non-dynamic formula query layer from v3 repaired | D5: No dynamic array FILTER formulas
A6: v7 | B6: ChromaCodex-Database-v7.xlsx | C6: 2026-05-18 | D6: Rebuilt pigment architecture from actual Sensual Logic IndexName values; added Pigments table, Paint_Pigments join table, pigment dropdown, and query output connections.
A7: v8 | B7: 2026-05-18 | C7: Added official Winsor And Newton Professional Acrylic chart from uploaded manufacturer PDF; rebuilt Query_Source_View and Query_Output; added WN colour-code fields and pigment source status.
A8: v11 | B8: 2026-05-18 | C8: Repair: preserved full workbook sheets and populated WN Professional Acrylic pigment codes | D8: Removed formula/table-heavy features to prevent Excel open errors.
A9: v12 | B9: 2026-05-18 | C9: Added real Query_Interface with dropdown controls and formula-based Query_Results using Query_Source_View; pigment-code dropdown populated from actual source data. | D9: Assistant
A10: v15 | B10: ChromaCodex-Database-v15.xlsx | C10: 2026-05-18 | D10: Finished pigment-table driven query dropdowns, query formulas, live lookup lists, and relational integrity checks.

Sheet Schema_Overview
A1: Entity / Table | B1: What It Means | C1: Why It Matters | D1: Example
A2: Brand | B2: The company or brand name. | C2: A brand can make many mediums and many product lines. | D2: Golden Artist Colors, Winsor And Newton
A3: Medium | B3: The broad paint medium. | C3: Acrylic, watercolor, oil, gouache, and water mixable oil behave differently. | D3: Acrylic
A4: Product Line / Formulation Family | B4: A specific formulation family within a brand and medium. | C4: Heavy Body, Fluid, OPEN, Professional Acrylic, and SoFlat can share color names but have different behavior. | D4: Golden Heavy Body Acrylics
A5: Paint Product | B5: The individual product record inside a product line. | C5: Same paint name can appear in multiple product lines but still be a different product. | D5: Quinacridone Magenta in Golden Fluid vs Golden Heavy Body
A6: Pigment | B6: The actual pigment chemistry identified by pigment code. | C6: Same pigment can appear across many brands, mediums, and formulations. | D6: PR122
A7: Measurement | B7: Measured color data such as RGB or spectral data. | C7: Measurements can vary by product line, binder, film thickness, and source. | D7: RGB 255,206,0
A8: Behavior / Attributes | B8: Handling and material properties. | C8: Some attributes belong to a medium, some to product line, some to a specific paint. | D8: Open Time belongs to OPEN Acrylic product line; granulation applies mostly to watercolor.

Sheet Brands
A1: Brand_ID | B1: Brand_Name | C1: Brand_System_Value | D1: Manufacturer | E1: Synonyms | F1: Notes
A2: B001 | B2: Winsor And Newton | C2: winsor and newton | D2: Colart | E2: Winsor & Newton, W&N | F2: Canonical brand name uses And instead of ampersand.

Sheet Mediums
A1: Medium_ID | B1: Medium | C1: Medium_System_Value | D1: Parent_Category | E1: Core_Behavior_Notes
A2: M001 | B2: Oil | C2: oil | D2: Oil Based | E2: Traditional oil paint.
A3: M002 | B3: Gouache | C3: gouache | D3: Water Based | E3: Opaque water-based paint.
A4: M003 | B4: Acrylic | C4: acrylic | D4: Water Based | E4: Acrylic polymer paint.

Sheet Product_Lines_Formulations
A1: Product_Line_ID | B1: Brand_ID | C1: Brand_Name | D1: Medium_ID | E1: Medium | F1: Product_Line_Name | G1: Product_Line_System_Value | H1: Formulation_Family | I1: Product_Line_Type | J1: Viscosity | K1: Finish | L1: Open_Time_Profile | M1: Flow_Profile | N1: Rheology_Type | O1: Brand_Unique_Attributes | P1: Notes
A2: PL001 | B2: B001 | C2: Winsor And Newton | D2: M001 | E2: Oil | F2: Artists Oil | G2: artists oil | H2: Artists Oil | I2: Artist Oil | O2: Traditional Winsor And Newton artist oil line | P2: Imported from Sensual Logic
A3: PL002 | B3: B001 | C3: Winsor And Newton | D3: M002 | E3: Gouache | F3: Designers Gouache | G3: designers gouache | H3: Designers Gouache | I3: Designer Gouache | K3: Matte | O3: Opaque water-based gouache line | P3: Imported from Sensual Logic
A4: PL003 | B4: B001 | C4: Winsor And Newton | D4: M003 | E4: Acrylic | F4: Galeria Acrylic | G4: galeria acrylic | H4: Galeria Acrylic | I4: Student Acrylic | O4: Winsor And Newton student acrylic line | P4: Imported from Sensual Logic
A5: PL004 | B5: B001 | C5: Winsor And Newton | D5: M003 | E5: Acrylic | F5: Professional Acrylic | G5: professional acrylic | H5: Professional Acrylic | I5: Artist Acrylic | O5: Winsor And Newton professional acrylic line; source rows lack IndexName values | P5: Imported from Sensual Logic

Sheet Product_Line_Attributes
A1: Attribute_ID | B1: Product_Line_ID | C1: Attribute_Name | D1: Canonical_Value | E1: System_Value | F1: Attribute_Type | G1: Applies_To_Level | H1: Notes
A2: PLA001 | B2: PL001 | C2: Viscosity | D2: Medium To Heavy Body | E2: medium to heavy body | F2: Rheology | G2: Product Line | H2: W&N Professional Acrylic general line behavior.
A3: PLA002 | B3: PL006 | C3: Open Time Profile | D3: Slow Drying Long Open Time | E3: slow drying long open time | F3: Drying | G3: Product Line | H3: Golden OPEN specific formulation attribute.
A4: PLA003 | B4: PL008 | C4: Finish | D4: Flat Matte | E4: flat matte | F4: Optical / Surface | G4: Product Line | H4: Golden SoFlat specific formulation attribute.
A5: PLA004 | B5: PL007 | C5: Flow Profile | D5: High Flow | E5: high flow | F5: Rheology | G5: Product Line | H5: Golden Fluid line attribute.
A6: PLA005 | B6: PL005 | C6: Brushstroke Retention | D6: High | E6: high | F6: Rheology | G6: Product Line | H6: Heavy Body retains brush and knife marks.
A7: PLA006 | B7: PL003 | C7: Binder Type | D7: Modified Oil Binder | E7: modified oil binder | F7: Binder | G7: Product Line | H7: Water mixable oil formulation attribute.

Sheet Brand_Specific_Attributes
A1: Attribute_ID | B1: Brand_ID | C1: Product_Line_ID | D1: Attribute_Name | E1: Attribute_Value | F1: System_Value | G1: Applies_To_Level | H1: Source | I1: Notes
A2: BSA001 | B2: B001 | C2: PL001 | D2: Brand Naming Style | E2: Professional Acrylic | F2: professional acrylic | G2: Product Line | H2: Internal normalization | I2: W&N product line naming must not be confused with medium.
A3: BSA002 | B3: B001 | C3: PL003 | D3: Water Mixable Binder | E3: Yes | F3: yes | G3: Product Line | H3: Internal normalization | I3: Artisan uses water mixable oil system, not acrylic.
A4: BSA003 | B4: B002 | C4: PL006 | D4: Slow Drying Formula | E4: Yes | F4: yes | G4: Product Line | H4: Internal normalization | I4: Golden OPEN has unique open-time behavior.
A5: BSA004 | B5: B002 | C5: PL008 | D5: Flat Matte Finish | E5: Yes | F5: yes | G5: Product Line | H5: Internal normalization | I5: SoFlat is specifically matte/flat.
A6: BSA005 | B6: B002 | C6: PL005 | D6: Heavy Body Texture Retention | E6: Yes | F6: yes | G6: Product Line | H6: Internal normalization | I6: Heavy Body retains marks differently from Fluid.

Sheet Attribute_Definitions
A1: Attribute_Name | B1: Definition | C1: Typical Applies To | D1: Example Values | E1: Why It Matters
A2: Viscosity | B2: Thickness or flow resistance of paint. | C2: Product Line / Paint | D2: Heavy Body, Fluid, Ink Like | E2: Affects brush marks, leveling, and application method.
A3: Finish | B3: Surface sheen after drying. | C3: Product Line / Paint | D3: Gloss, Satin, Matte, Flat Matte | E3: Affects appearance and scanning/photography.
A4: Open Time Profile | B4: How long paint remains workable. | C4: Product Line | D4: Standard Acrylic, Slow Drying | E4: Critical distinction between standard acrylic and OPEN type acrylics.
A5: Flow Profile | B5: How easily paint moves or levels. | C5: Product Line / Paint | D5: Low Flow, High Flow | E5: Important for fluid acrylics, inks, and watercolor behavior.
A6: Rheology Type | B6: How paint behaves under pressure, brushing, or spreading. | C6: Product Line | D6: Buttery, Fluid, Stringy, Leveling | E6: Helps separate paints with same pigment but different handling.
A7: Brand Unique Attribute | B7: Any attribute specific to a brand or line that does not fit universal fields. | C7: Brand / Product Line / Paint | D7: OPEN Slow Drying, SoFlat Matte | E7: Prevents forcing unique brand traits into the wrong field.

Sheet Master_Paint_Records
A1: Record_ID | B1: Source_Record_ID | C1: Brand_ID | D1: Brand_Name | E1: Brand_System_Value | F1: Manufacturer | G1: Medium_ID | H1: Medium | I1: Medium_System_Value | J1: Product_Line_ID | K1: Product_Line | L1: Product_Line_System_Value | M1: Formulation_Family | N1: Product_Line_Type | O1: Paint_Name | P1: Paint_Product_Key | Q1: Color_Family | R1: Pigment_Code_1 | S1: Pigment_Count | T1: Single_Pigment | U1: Transparency | V1: Opacity_Code | W1: Permanence | X1: Density | Y1: RGB_Red | Z1: RGB_Green | AA1: RGB_Blue | AB1: RGB_Combined | AC1: Swatch | AD1: Data_Source | AE1: Source_URL | AF1: Verification_Status | AG1: Import_Notes | AH1: Paint_ID | AI1: Measurement_ID | AJ1: Behavior_ID | AK1: Source_ID | AL1: Relational_Status | AM1: WN_Colour_Code | AN1: WN_Permanence_Code | AO1: WN_Series_Number | AP1: ASTM_Rating | AQ1: Official_Single_Pigment_Marker | AR1: Pigment_Source_Status
A2: 1 | B2: 4 | C2: B001 | D2: Winsor And Newton | E2: winsor and newton | F2: Colart | G2: M001 | H2: Oil | I2: oil | J2: PL001 | K2: Artists Oil | L2: artists oil | M2: Artists Oil | N2: Artist Oil | O2: Alizarin Crimson | P2: winsor and newton|oil|artists oil|alizarin crimson | Q2: Red | R2: PR83 | S2: 1 | T2: Yes | V2: T | W2: B | X2: 1045 | Y2: 68 | Z2: 2 | AA2: 6 | AB2: 68,2,6 | AD2: Sensual Logic | AE2: https://sensuallogic.com/artistcolordata | AF2: Needs Review | AG2: Pigment code imported from IndexName. | AH2: PNT000001 | AI2: MEA000001 | AJ2: BEH000001 | AK2: S001 | AL2: Linked in v7
A3: 2 | B3: 25 | C3: B001 | D3: Winsor And Newton | E3: winsor and newton | F3: Colart | G3: M001 | H3: Oil | I3: oil | J3: PL001 | K3: Artists Oil | L3: artists oil | M3: Artists Oil | N3: Artist Oil | O3: Bismuth Yellow | P3: winsor and newton|oil|artists oil|bismuth yellow | Q3: Yellow | R3: PY184 | S3: 1 | T3: Yes | V3: O | W3: A | X3: 1684 | Y3: 255 | Z3: 232 | AA3: 0 | AB3: 255,232,0 | AD3: Sensual Logic | AE3: https://sensuallogic.com/artistcolordata | AF3: Needs Review | AG3: Pigment code imported from IndexName. | AH3: PNT000002 | AI3: MEA000002 | AJ3: BEH000002 | AK3: S001 | AL3: Linked in v7
A4: 3 | B4: 42 | C4: B001 | D4: Winsor And Newton | E4: winsor and newton | F4: Colart | G4: M001 | H4: Oil | I4: oil | J4: PL001 | K4: Artists Oil | L4: artists oil | M4: Artists Oil | N4: Artist Oil | O4: Bright Red | P4: winsor and newton|oil|artists oil|bright red | Q4: Red | R4: PR | S4: 1 | T4: Yes | V4: T | W4: A | X4: 1784 | Y4: 197 | Z4: 0 | AA4: 15 | AB4: 197,0,15 | AD4: Sensual Logic | AE4: https://sensuallogic.com/artistcolordata | AF4: Needs Review | AG4: Pigment code imported from IndexName. | AH4: PNT000003 | AI4: MEA000003 | AJ4: BEH000003 | AK4: S001 | AL4: Linked in v7
A5: 4 | B5: 74 | C5: B001 | D5: Winsor And Newton | E5: winsor and newton | F5: Colart | G5: M001 | H5: Oil | I5: oil | J5: PL001 | K5: Artists Oil | L5: artists oil | M5: Artists Oil | N5: Artist Oil | O5: Burnt Sienna | P5: winsor and newton|oil|artists oil|burnt sienna | Q5: Orange | R5: PR101 | S5: 1 | T5: Yes | V5: T | W5: AA | X5: 1181 | Y5: 82 | Z5: 42 | AA5: 31 | AB5: 82,42,31 | AD5: Sensual Logic | AE5: https://sensuallogic.com/artistcolordata | AF5: Needs Review | AG5: Pigment code imported from IndexName. | AH5: PNT000004 | AI5: MEA000004 | AJ5: BEH000004 | AK5: S001 | AL5: Linked in v7
A6: 5 | B6: 86 | C6: B001 | D6: Winsor And Newton | E6: winsor and newton | F6: Colart | G6: M001 | H6: Oil | I6: oil | J6: PL001 | K6: Artists Oil | L6: artists oil | M6: Artists Oil | N6: Artist Oil | O6: Cadmium Lemon | P6: winsor and newton|oil|artists oil|cadmium lemon | Q6: Yellow | R6: PY35 | S6: 1 | T6: Yes | V6: O | W6: A | X6: 2166 | Y6: 255 | Z6: 222 | AA6: 0 | AB6: 255,222,0 | AD6: Sensual Logic | AE6: https://sensuallogic.com/artistcolordata | AF6: Needs Review | AG6: Pigment code imported from IndexName. | AH6: PNT000005 | AI6: MEA000005 | AJ6: BEH000005 | AK6: S001 | AL6: Linked in v7
A7: 6 | B7: 94 | C7: B001 | D7: Winsor And Newton | E7: winsor and newton | F7: Colart | G7: M001 | H7: Oil | I7: oil | J7: PL001 | K7: Artists Oil | L7: artists oil | M7: Artists Oil | N7: Artist Oil | O7: Cadmium Red | P7: winsor and newton|oil|artists oil|cadmium red | Q7: Red | R7: PR108 | S7: 1 | T7: Yes | V7: O | W7: A | X7: 2199 | Y7: 204 | Z7: 12 | AA7: 22 | AB7: 204,12,22 | AD7: Sensual Logic | AE7: https://sensuallogic.com/artistcolordata | AF7: Needs Review | AG7: Pigment code imported from IndexName. | AH7: PNT000006 | AI7: MEA000006 | AJ7: BEH000006 | AK7: S001 | AL7: Linked in v7
A8: 7 | B8: 108 | C8: B001 | D8: Winsor And Newton | E8: winsor and newton | F8: Colart | G8: M001 | H8: Oil | I8: oil | J8: PL001 | K8: Artists Oil | L8: artists oil | M8: Artists Oil | N8: Artist Oil | O8: Cadmium Yellow | P8: winsor and newton|oil|artists oil|cadmium yellow | Q8: Yellow | R8: PY35 | S8: 1 | T8: Yes | V8: O | W8: A | X8: 1640 | Y8: 255 | Z8: 164 | AA8: 0 | AB8: 255,164,0 | AD8: Sensual Logic | AE8: https://sensuallogic.com/artistcolordata | AF8: Needs Review | AG8: Pigment code imported from IndexName. | AH8: PNT000007 | AI8: MEA000007 | AJ8: BEH000007 | AK8: S001 | AL8: Linked in v7
A9: 8 | B9: 111 | C9: B001 | D9: Winsor And Newton | E9: winsor and newton | F9: Colart | G9: M001 | H9: Oil | I9: oil | J9: PL001 | K9: Artists Oil | L9: artists oil | M9: Artists Oil | N9: Artist Oil | O9: Cadmium Yellow Deep | P9: winsor and newton|oil|artists oil|cadmium yellow deep | Q9: Yellow | R9: PO20 | S9: 2 | T9: No | V9: O | W9: A | X9: 2171 | Y9: 255 | Z9: 127 | AA9: 15 | AB9: 255,127,15 | AD9: Sensual Logic | AE9: https://sensuallogic.com/artistcolordata | AF9: Needs Review | AG9: Pigment code imported from IndexName. | AH9: PNT000008 | AI9: MEA000008 | AJ9: BEH000008 | AK9: S001 | AL9: Linked in v7
A10: 9 | B10: 137 | C10: B001 | D10: Winsor And Newton | E10: winsor and newton | F10: Colart | G10: M001 | H10: Oil | I10: oil | J10: PL001 | K10: Artists Oil | L10: artists oil | M10: Artists Oil | N10: Artist Oil | O10: Cerulean Blue | P10: winsor and newton|oil|artists oil|cerulean blue | Q10: Blue | R10: PB35 | S10: 1 | T10: Yes | V10: SO | W10: AA | X10: 2195 | Y10: 0 | Z10: 100 | AA10: 160 | AB10: 0,100,160 | AD10: Sensual Logic | AE10: https://sensuallogic.com/artistcolordata | AF10: Needs Review | AG10: Pigment code imported from IndexName. | AH10: PNT000009 | AI10: MEA000009 | AJ10: BEH000009 | AK10: S001 | AL10: Linked in v7
A11: 10 | B11: 178 | C11: B001 | D11: Winsor And Newton | E11: winsor and newton | F11: Colart | G11: M001 | H11: Oil | I11: oil | J11: PL001 | K11: Artists Oil | L11: artists oil | M11: Artists Oil | N11: Artist Oil | O11: Cobalt Blue | P11: winsor and newton|oil|artists oil|cobalt blue | Q11: Blue | R11: PB28 | S11: 1 | T11: Yes | V11: ST | W11: AA | X11: 1495 | Y11: 0 | Z11: 41 | AA11: 117 | AB11: 0,41,117 | AD11: Sensual Logic | AE11: https://sensuallogic.com/artistcolordata | AF11: Needs Review | AG11: Pigment code imported from IndexName. | AH11: PNT000010 | AI11: MEA000010 | AJ11: BEH000010 | AK11: S001 | AL11: Linked in v7
A12: 11 | B12: 180 | C12: B001 | D12: Winsor And Newton | E12: winsor and newton | F12: Colart | G12: M001 | H12: Oil | I12: oil | J12: PL001 | K12: Artists Oil | L12: artists oil | M12: Artists Oil | N12: Artist Oil | O12: Cobalt Blue Deep | P12: winsor and newton|oil|artists oil|cobalt blue deep | Q12: Blue | R12: PB74 | S12: 1 | T12: Yes | V12: ST | W12: AA | X12: 1871 | Y12: 22 | Z12: 176 | AA12: 100 | AB12: 22,176,100 | AD12: Sensual Logic | AE12: https://sensuallogic.com/artistcolordata | AF12: Needs Review | AG12: Pigment code imported from IndexName. | AH12: PNT000011 | AI12: MEA000011 | AJ12: BEH000011 | AK12: S001 | AL12: Linked in v7
A13: 12 | B13: 183 | C13: B001 | D13: Winsor And Newton | E13: winsor and newton | F13: Colart | G13: M001 | H13: Oil | I13: oil | J13: PL001 | K13: Artists Oil | L13: artists oil | M13: Artists Oil | N13: Artist Oil | O13: Cobalt Chromite Green | P13: winsor and newton|oil|artists oil|cobalt chromite green | Q13: Blue | R13: PG26 | S13: 1 | T13: Yes | V13: O | W13: AA | X13: 1749 | Y13: 46 | Z13: 90 | AA13: 76 | AB13: 46,90,76 | AD13: Sensual Logic | AE13: https://sensuallogic.com/artistcolordata | AF13: Needs Review | AG13: Pigment code imported from IndexName. | AH13: PNT000012 | AI13: MEA000012 | AJ13: BEH000012 | AK13: S001 | AL13: Linked in v7
... A140: 139 | B140: 744 | C140: B001 | D140: Winsor And Newton | E140: winsor and newton | F140: Colart | G140: M003 | H140: Acrylic | I140: acrylic | J140: PL003 | K140: Galeria Acrylic | L140: galeria acrylic | M140: Galeria Acrylic | N140: Student Acrylic | O140: Yellow Ochre | P140: winsor and newton|acrylic|galeria acrylic|yellow ochre | Q140: Yellow | R140: PY42 | S140: 3 | T140: No | V140: O | W140: AA | X140: 870 | Y140: 188 | Z140: 134 | AA140: 61 | AB140: 188,134,61 | AD140: Sensual Logic | AE140: https://sensuallogic.com/artistcolordata | AF140: Needs Review | AG140: Pigment code imported from IndexName. | AH140: PNT000139 | AI140: MEA000139 | AJ140: BEH000139 | AK140: S001 | AL140: Linked in v7
A141: 140 | B141: 19 | C141: B001 | D141: Winsor And Newton | E141: winsor and newton | F141: Colart | G141: M003 | H141: Acrylic | I141: acrylic | J141: PL004 | K141: Professional Acrylic | L141: professional acrylic | M141: Professional Acrylic | N141: Artist Acrylic | O141: Azo Yellow Medium | P141: winsor and newton|acrylic|professional acrylic|azo yellow medium | Q141: Yellow | R141: PY74 | S141: 1 | T141: Yes | U141: Semi Opaque | V141: SO | W141: Permanent | X141: 1321 | Y141: 255 | Z141: 206 | AA141: 0 | AB141: 255,206,0 | AD141: Sensual Logic | AE141: https://www.winsornewton.com/pages/professional-acrylic-colour | AF141: Verified From Official Source | AG141: Pigment code, opacity, permanence, ASTM and series updated from official Winsor & Newton Professional Acrylic Colour web table. | AH141: PNT000140 | AI141: MEA000140 | AJ141: BEH000140 | AK141: S001 | AL141: Linked in v7 | AO141: 2 | AP141: I | AQ141: ~ | AR141: Official W&N Website
A142: 141 | B142: 25 | C142: B001 | D142: Winsor And Newton | E142: winsor and newton | F142: Colart | G142: M003 | H142: Acrylic | I142: acrylic | J142: PL004 | K142: Professional Acrylic | L142: professional acrylic | M142: Professional Acrylic | N142: Artist Acrylic | O142: Bismuth Yellow | P142: winsor and newton|acrylic|professional acrylic|bismuth yellow | Q142: Yellow | R142: PY184 | S142: 1 | T142: Yes | U142: Opaque | V142: O | W142: Permanent | X142: 1369 | Y142: 255 | Z142: 235 | AA142: 0 | AB142: 255,235,0 | AD142: Sensual Logic | AE142: https://www.winsornewton.com/pages/professional-acrylic-colour | AF142: Verified From Official Source | AG142: Pigment code, opacity, permanence, ASTM and series updated from official Winsor & Newton Professional Acrylic Colour web table. | AH142: PNT000141 | AI142: MEA000141 | AJ142: BEH000141 | AK142: S001 | AL142: Linked in v7 | AO142: 4 | AP142: I | AQ142: ~ | AR142: Official W&N Website
A143: 142 | B143: 39 | C143: B001 | D143: Winsor And Newton | E143: winsor and newton | F143: Colart | G143: M003 | H143: Acrylic | I143: acrylic | J143: PL004 | K143: Professional Acrylic | L143: professional acrylic | M143: Professional Acrylic | N143: Artist Acrylic | O143: Azo Yellow Deep | P143: winsor and newton|acrylic|professional acrylic|azo yellow deep | Q143: Yellow | R143: PY65 | S143: 1 | T143: Yes | U143: Semi Transparent | V143: ST | W143: Permanent | X143: 1330 | Y143: 255 | Z143: 155 | AA143: 0 | AB143: 255,155,0 | AD143: Sensual Logic | AE143: https://www.winsornewton.com/pages/professional-acrylic-colour | AF143: Verified From Official Source | AG143: Pigment code, opacity, permanence, ASTM and series updated from official Winsor & Newton Professional Acrylic Colour web table. | AH143: PNT000142 | AI143: MEA000142 | AJ143: BEH000142 | AK143: S001 | AL143: Linked in v7 | AO143: 2 | AP143: I | AQ143: ~ | AR143: Official W&N Website
A144: 143 | B144: 60 | C144: B001 | D144: Winsor And Newton | E144: winsor and newton | F144: Colart | G144: M003 | H144: Acrylic | I144: acrylic | J144: PL004 | K144: Professional Acrylic | L144: professional acrylic | M144: Professional Acrylic | N144: Artist Acrylic | O144: Buff Titanium | P144: winsor and newton|acrylic|professional acrylic|buff titanium | Q144: White | R144: PBk11,PW6,PY42 | S144: 3 | T144: No | U144: Opaque | V144: O | W144: Extremely Permanent | X144: 1578 | Y144: 222 | Z144: 186 | AA144: 123 | AB144: 222,186,123 | AD144: Sensual Logic | AE144: https://www.winsornewton.com/pages/professional-acrylic-colour | AF144: Verified From Official Source | AG144: Pigment code, opacity, permanence, ASTM and series updated from official Winsor & Newton Professional Acrylic Colour web table. | AH144: PNT000143 | AI144: MEA000143 | AJ144: BEH000143 | AK144: S001 | AL144: Linked in v7 | AO144: 1 | AP144: I | AR144: Official W&N Website
A145: 144 | B145: 74 | C145: B001 | D145: Winsor And Newton | E145: winsor and newton | F145: Colart | G145: M003 | H145: Acrylic | I145: acrylic | J145: PL004 | K145: Professional Acrylic | L145: professional acrylic | M145: Professional Acrylic | N145: Artist Acrylic | O145: Burnt Sienna | P145: winsor and newton|acrylic|professional acrylic|burnt sienna | Q145: Orange | R145: PR101 | S145: 1 | T145: Yes | U145: Transparent | V145: T | W145: Extremely Permanent | X145: 1287 | Y145: 81 | Z145: 36 | AA145: 24 | AB145: 81,36,24 | AD145: Sensual Logic | AE145: https://www.winsornewton.com/pages/professional-acrylic-colour | AF145: Verified From Official Source | AG145: Pigment code, opacity, permanence, ASTM and series updated from official Winsor & Newton Professional Acrylic Colour web table. | AH145: PNT000144 | AI145: MEA000144 | AJ145: BEH000144 | AK145: S001 | AL145: Linked in v7 | AO145: 1 | AP145: I | AQ145: ~ | AR145: Official W&N Website
A146: 145 | B146: 76 | C146: B001 | D146: Winsor And Newton | E146: winsor and newton | F146: Colart | G146: M003 | H146: Acrylic | I146: acrylic | J146: PL004 | K146: Professional Acrylic | L146: professional acrylic | M146: Professional Acrylic | N146: Artist Acrylic | O146: Burnt Umber | P146: winsor and newton|acrylic|professional acrylic|burnt umber | Q146: Earth | R146: PBr7 | S146: 1 | T146: Yes | U146: Semi Opaque | V146: SO | W146: Extremely Permanent | X146: 1369 | Y146: 84 | Z146: 50 | AA146: 29 | AB146: 84,50,29 | AD146: Sensual Logic | AE146: https://www.winsornewton.com/pages/professional-acrylic-colour | AF146: Verified From Official Source | AG146: Pigment code, opacity, permanence, ASTM and series updated from official Winsor & Newton Professional Acrylic Colour web table. | AH146: PNT000145 | AI146: MEA000145 | AJ146: BEH000145 | AK146: S001 | AL146: Linked in v7 | AO146: 1 | AP146: I | AQ146: ~ | AR146: Official W&N Website
A147: 146 | B147: 86 | C147: B001 | D147: Winsor And Newton | E147: winsor and newton | F147: Colart | G147: M003 | H147: Acrylic | I147: acrylic | J147: PL004 | K147: Professional Acrylic | L147: professional acrylic | M147: Professional Acrylic | N147: Artist Acrylic | O147: Cadmium Lemon | P147: winsor and newton|acrylic|professional acrylic|cadmium lemon | Q147: Yellow | R147: PY35 | S147: 1 | T147: Yes | U147: Opaque | V147: O | W147: Permanent | X147: 1538 | Y147: 255 | Z147: 238 | AA147: 18 | AB147: 255,238,18 | AD147: Sensual Logic | AE147: https://www.winsornewton.com/pages/professional-acrylic-colour | AF147: Verified From Official Source | AG147: Pigment code, opacity, permanence, ASTM and series updated from official Winsor & Newton Professional Acrylic Colour web table. | AH147: PNT000146 | AI147: MEA000146 | AJ147: BEH000146 | AK147: S001 | AL147: Linked in v7 | AO147: 3 | AP147: I | AQ147: ~ | AR147: Official W&N Website
A148: 147 | B148: 89 | C148: B001 | D148: Winsor And Newton | E148: winsor and newton | F148: Colart | G148: M003 | H148: Acrylic | I148: acrylic | J148: PL004 | K148: Professional Acrylic | L148: professional acrylic | M148: Professional Acrylic | N148: Artist Acrylic | O148: Cadmium Orange | P148: winsor and newton|acrylic|professional acrylic|cadmium orange | Q148: Orange | R148: PO20 | S148: 1 | T148: Yes | U148: Opaque | V148: O | W148: Permanent | X148: 1581 | Y148: 255 | Z148: 122 | AA148: 0 | AB148: 255,122,0 | AD148: Sensual Logic | AE148: https://www.winsornewton.com/pages/professional-acrylic-colour | AF148: Verified From Official Source | AG148: Pigment code, opacity, permanence, ASTM and series updated from official Winsor & Newton Professional Acrylic Colour web table. | AH148: PNT000147 | AI148: MEA000147 | AJ148: BEH000147 | AK148: S001 | AL148: Linked in v7 | AO148: 3 | AP148: I | AQ148: ~ | AR148: Official W&N Website
A149: 148 | B149: 97 | C149: B001 | D149: Winsor And Newton | E149: winsor and newton | F149: Colart | G149: M003 | H149: Acrylic | I149: acrylic | J149: PL004 | K149: Professional Acrylic | L149: professional acrylic | M149: Professional Acrylic | N149: Artist Acrylic | O149: Cadmium Red Deep | P149: winsor and newton|acrylic|professional acrylic|cadmium red deep | Q149: Red | R149: PR108 | S149: 1 | T149: Yes | U149: Opaque | V149: O | W149: Permanent | X149: 1413 | Y149: 170 | Z149: 20 | AA149: 40 | AB149: 170,20,40 | AD149: Sensual Logic | AE149: https://www.winsornewton.com/pages/professional-acrylic-colour | AF149: Verified From Official Source | AG149: Pigment code, opacity, permanence, ASTM and series updated from official Winsor & Newton Professional Acrylic Colour web table. | AH149: PNT000148 | AI149: MEA000148 | AJ149: BEH000148 | AK149: S001 | AL149: Linked in v7 | AO149: 3 | AP149: I | AQ149: ~ | AR149: Official W&N Website
A150: 149 | B150: 99 | C150: B001 | D150: Winsor And Newton | E150: winsor and newton | F150: Colart | G150: M003 | H150: Acrylic | I150: acrylic | J150: PL004 | K150: Professional Acrylic | L150: professional acrylic | M150: Professional Acrylic | N150: Artist Acrylic | O150: CadRedMed | P150: winsor and newton|acrylic|professional acrylic|cadredmed | Q150: Red | R150: Not Provided | S150: 0 | T150: Unknown | X150: 1587 | Y150: 106 | Z150: 37 | AA150: 39 | AB150: 106,37,39 | AD150: Sensual Logic | AE150: https://sensuallogic.com/artistcolordata | AF150: Needs Review | AG150: Pigment code not provided in Sensual Logic source row. | AH150: PNT000149 | AI150: MEA000149 | AJ150: BEH000149 | AK150: S001 | AL150: Linked in v7 | AR150: Needs Review - name not matched to W&N table
A151: 150 | B151: 100 | C151: B001 | D151: Winsor And Newton | E151: winsor and newton | F151: Colart | G151: M003 | H151: Acrylic | I151: acrylic | J151: PL004 | K151: Professional Acrylic | L151: professional acrylic | M151: Professional Acrylic | N151: Artist Acrylic | O151: Cadmium Red Light | P151: winsor and newton|acrylic|professional acrylic|cadmium red light | Q151: Red | R151: PR108 | S151: 1 | T151: Yes | U151: Opaque | V151: O | W151: Permanent | X151: 1545 | Y151: 230 | Z151: 55 | AA151: 20 | AB151: 230,55,20 | AD151: Sensual Logic | AE151: https://www.winsornewton.com/pages/professional-acrylic-colour | AF151: Verified From Official Source | AG151: Pigment code, opacity, permanence, ASTM and series updated from official Winsor & Newton Professional Acrylic Colour web table. | AH151: PNT000150 | AI151: MEA000150 | AJ151: BEH000150 | AK151: S001 | AL151: Linked in v7 | AO151: 3 | AP151: I | AQ151: ~ | AR151: Official W&N Website
A152: 151 | B152: 111 | C152: B001 | D152: Winsor And Newton | E152: winsor and newton | F152: Colart | G152: M003 | H152: Acrylic | I152: acrylic | J152: PL004 | K152: Professional Acrylic | L152: professional acrylic | M152: Professional Acrylic | N152: Artist Acrylic | O152: Cadmium Yellow Deep | P152: winsor and newton|acrylic|professional acrylic|cadmium yellow deep | Q152: Yellow | R152: PO20,PY35 | S152: 2 | T152: No | U152: Opaque | V152: O | W152: Permanent | X152: 1493 | Y152: 255 | Z152: 181 | AA152: 0 | AB152: 255,181,0 | AD152: Sensual Logic | AE152: https://www.winsornewton.com/pages/professional-acrylic-colour | AF152: Verified From Official Source | AG152: Pigment code, opacity, permanence, ASTM and series updated from official Winsor & Newton Professional Acrylic Colour web table. | AH152: PNT000151 | AI152: MEA000151 | AJ152: BEH000151 | AK152: S001 | AL152: Linked in v7 | AO152: 3 | AP152: I | AR152: Official W&N Website
A153: 152 | B153: 116 | C153: B001 | D153: Winsor And Newton | E153: winsor and newton | F153: Colart | G153: M003 | H153: Acrylic | I153: acrylic | J153: PL004 | K153: Professional Acrylic | L153: professional acrylic | M153: Professional Acrylic | N153: Artist Acrylic | O153: Cadmium Yellow Medium | P153: winsor and newton|acrylic|professional acrylic|cadmium yellow medium | Q153: Yellow | R153: PY35 | S153: 1 | T153: Yes | U153: Opaque | V153: O | W153: Permanent | X153: 1493 | Y153: 255 | Z153: 201 | AA153: 0 | AB153: 255,201,0 | AD153: Sensual Logic | AE153: https://www.winsornewton.com/pages/professional-acrylic-colour | AF153: Verified From Official Source | AG153: Pigment code, opacity, permanence, ASTM and series updated from official Winsor & Newton Professional Acrylic Colour web table. | AH153: PNT000152 | AI153: MEA000152 | AJ153: BEH000152 | AK153: S001 | AL153: Linked in v7 | AO153: 3 | AP153: I | AQ153: ~ | AR153: Official W&N Website
A154: 153 | B154: 130 | C154: B001 | D154: Winsor And Newton | E154: winsor and newton | F154: Colart | G154: M003 | H154: Acrylic | I154: acrylic | J154: PL004 | K154: Professional Acrylic | L154: professional acrylic | M154: Professional Acrylic | N154: Artist Acrylic | O154: Cerulean Blue Chromium | P154: winsor and newton|acrylic|professional acrylic|cerulean blue chromium | Q154: Blue | R154: PB36 | S154: 1 | T154: Yes | U154: Opaque | V154: O | W154: Extremely Permanent | X154: 1477 | Y154: 0 | Z154: 90 | AA154: 151 | AB154: 0,90,151 | AD154: Sensual Logic | AE154: https://www.winsornewton.com/pages/professional-acrylic-colour | AF154: Verified From Official Source | AG154: Pigment code, opacity, permanence, ASTM and series updated from official Winsor & Newton Professional Acrylic Colour web table. | AH154: PNT000153 | AI154: MEA000153 | AJ154: BEH000153 | AK154: S001 | AL154: Linked in v7 | AO154: 4 | AP154: I | AQ154: ~ | AR154: Official W&N Website
A155: 154 | B155: 137 | C155: B001 | D155: Winsor And Newton | E155: winsor and newton | F155: Colart | G155: M003 | H155: Acrylic | I155: acrylic | J155: PL004 | K155: Professional Acrylic | L155: professional acrylic | M155: Professional Acrylic | N155: Artist Acrylic | O155: Cerulean Blue | P155: winsor and newton|acrylic|professional acrylic|cerulean blue | Q155: Blue | R155: PB35 | S155: 1 | T155: Yes | U155: Opaque | V155: O | W155: Extremely Permanent | X155: 1606 | Y155: 0 | Z155: 108 | AA155: 163 | AB155: 0,108,163 | AD155: Sensual Logic | AE155: https://www.winsornewton.com/pages/professional-acrylic-colour | AF155: Verified From Official Source | AG155: Pigment code, opacity, permanence, ASTM and series updated from official Winsor & Newton Professional Acrylic Colour web table. | AH155: PNT000154 | AI155: MEA000154 | AJ155: BEH000154 | AK155: S001 | AL155: Linked in v7 | AO155: 5 | AP155: I | AQ155: ~ | AR155: Official W&N Website
A156: 155 | B156: 162 | C156: B001 | D156: Winsor And Newton | E156: winsor and newton | F156: Colart | G156: M003 | H156: Acrylic | I156: acrylic | J156: PL004 | K156: Professional Acrylic | L156: professional acrylic | M156: Professional Acrylic | N156: Artist Acrylic | O156: Chromium Oxide Green | P156: winsor and newton|acrylic|professional acrylic|chromium oxide green | Q156: Green | R156: PG17 | S156: 1 | T156: Yes | U156: Opaque | V156: O | W156: Extremely Permanent | X156: 1682 | Y156: 76 | Z156: 115 | AA156: 71 | AB156: 76,115,71 | AD156: Sensual Logic | AE156: https://www.winsornewton.com/pages/professional-acrylic-colour | AF156: Verified From Official Source | AG156: Pigment code, opacity, permanence, ASTM and series updated from official Winsor & Newton Professional Acrylic Colour web table. | AH156: PNT000155 | AI156: MEA000155 | AJ156: BEH000155 | AK156: S001 | AL156: Linked in v7 | AO156: 3 | AP156: I | AQ156: ~ | AR156: Official W&N Website
A157: 156 | B157: 178 | C157: B001 | D157: Winsor And Newton | E157: winsor and newton | F157: Colart | G157: M003 | H157: Acrylic | I157: acrylic | J157: PL004 | K157: Professional Acrylic | L157: professional acrylic | M157: Professional Acrylic | N157: Artist Acrylic | O157: Cobalt Blue | P157: winsor and newton|acrylic|professional acrylic|cobalt blue | Q157: Blue | R157: PB28 | S157: 1 | T157: Yes | U157: Opaque | V157: O | W157: Extremely Permanent | X157: 1580 | Y157: 22 | Z157: 71 | AA157: 153 | AB157: 22,71,153 | AD157: Sensual Logic | AE157: https://www.winsornewton.com/pages/professional-acrylic-colour | AF157: Verified From Official Source | AG157: Pigment code, opacity, permanence, ASTM and series updated from official Winsor & Newton Professional Acrylic Colour web table. | AH157: PNT000156 | AI157: MEA000156 | AJ157: BEH000156 | AK157: S001 | AL157: Linked in v7 | AO157: 4 | AP157: I | AQ157: ~ | AR157: Official W&N Website
A158: 157 | B158: 180 | C158: B001 | D158: Winsor And Newton | E158: winsor and newton | F158: Colart | G158: M003 | H158: Acrylic | I158: acrylic | J158: PL004 | K158: Professional Acrylic | L158: professional acrylic | M158: Professional Acrylic | N158: Artist Acrylic | O158: Cobalt Blue Deep | P158: winsor and newton|acrylic|professional acrylic|cobalt blue deep | Q158: Blue | R158: PB73 | S158: 1 | T158: Yes | U158: Semi Opaque | V158: SO | W158: Extremely Permanent | X158: 1693 | Y158: 57 | Z158: 50 | AA158: 125 | AB158: 57,50,125 | AD158: Sensual Logic | AE158: https://www.winsornewton.com/pages/professional-acrylic-colour | AF158: Verified From Official Source | AG158: Pigment code, opacity, permanence, ASTM and series updated from official Winsor & Newton Professional Acrylic Colour web table. | AH158: PNT000157 | AI158: MEA000157 | AJ158: BEH000157 | AK158: S001 | AL158: Linked in v7 | AO158: 5 | AP158: I | AQ158: ~ | AR158: Official W&N Website
A159: 158 | B159: 184 | C159: B001 | D159: Winsor And Newton | E159: winsor and newton | F159: Colart | G159: M003 | H159: Acrylic | I159: acrylic | J159: PL004 | K159: Professional Acrylic | L159: professional acrylic | M159: Professional Acrylic | N159: Artist Acrylic | O159: Cobalt Green | P159: winsor and newton|acrylic|professional acrylic|cobalt green | Q159: Blue | R159: PG50 | S159: 1 | T159: Yes | U159: Opaque | V159: O | W159: Extremely Permanent | X159: 1524 | Y159: 0 | Z159: 131 | AA159: 107 | AB159: 0,131,107 | AD159: Sensual Logic | AE159: https://www.winsornewton.com/pages/professional-acrylic-colour | AF159: Verified From Official Source | AG159: Pigment code, opacity, permanence, ASTM and series updated from official Winsor & Newton Professional Acrylic Colour web table. | AH159: PNT000158 | AI159: MEA000158 | AJ159: BEH000158 | AK159: S001 | AL159: Linked in v7 | AO159: 4 | AP159: I | AQ159: ~ | AR159: Official W&N Website
A160: 159 | B160: 185 | C160: B001 | D160: Winsor And Newton | E160: winsor and newton | F160: Colart | G160: M003 | H160: Acrylic | I160: acrylic | J160: PL004 | K160: Professional Acrylic | L160: professional acrylic | M160: Professional Acrylic | N160: Artist Acrylic | O160: Cobalt Green Deep | P160: winsor and newton|acrylic|professional acrylic|cobalt green deep | Q160: Blue | R160: PG26 | S160: 1 | T160: Yes | U160: Semi Opaque | V160: SO | W160: Extremely Permanent | X160: 1554 | Y160: 8 | Z160: 82 | AA160: 67 | AB160: 8,82,67 | AD160: Sensual Logic | AE160: https://www.winsornewton.com/pages/professional-acrylic-colour | AF160: Verified From Official Source | AG160: Pigment code, opacity, permanence, ASTM and series updated from official Winsor & Newton Professional Acrylic Colour web table. | AH160: PNT000159 | AI160: MEA000159 | AJ160: BEH000159 | AK160: S001 | AL160: Linked in v7 | AO160: 3 | AP160: I | AQ160: ~ | AR160: Official W&N Website
A161: 160 | B161: 191 | C161: B001 | D161: Winsor And Newton | E161: winsor and newton | F161: Colart | G161: M003 | H161: Acrylic | I161: acrylic | J161: PL004 | K161: Professional Acrylic | L161: professional acrylic | M161: Professional Acrylic | N161: Artist Acrylic | O161: Cobalt Turquoise Light | P161: winsor and newton|acrylic|professional acrylic|cobalt turquoise light | Q161: Blue | R161: PG50 | S161: 1 | T161: Yes | U161: Opaque | V161: O | W161: Extremely Permanent | X161: 1520 | Y161: 0 | Z161: 163 | AA161: 166 | AB161: 0,163,166 | AD161: Sensual Logic | AE161: https://www.winsornewton.com/pages/professional-acrylic-colour | AF161: Verified From Official Source | AG161: Pigment code, opacity, permanence, ASTM and series updated from official Winsor & Newton Professional Acrylic Colour web table. | AH161: PNT000160 | AI161: MEA000160 | AJ161: BEH000160 | AK161: S001 | AL161: Linked in v7 | AO161: 4 | AP161: I | AQ161: ~ | AR161: Official W&N Website
A162: 161 | B162: 217 | C162: B001 | D162: Winsor And Newton | E162: winsor and newton | F162: Colart | G162: M003 | H162: Acrylic | I162: acrylic | J162: PL004 | K162: Professional Acrylic | L162: professional acrylic | M162: Professional Acrylic | N162: Artist Acrylic | O162: Davy's Gray | P162: winsor and newton|acrylic|professional acrylic|davy s gray | Q162: Black Or Gray | R162: PBk19,PY42 | S162: 2 | T162: No | U162: Transparent | V162: T | W162: Permanent | X162: 1448 | Y162: 108 | Z162: 101 | AA162: 77 | AB162: 108,101,77 | AD162: Sensual Logic | AE162: https://www.winsornewton.com/pages/professional-acrylic-colour | AF162: Verified From Official Source | AG162: Pigment code, opacity, permanence, ASTM and series updated from official Winsor & Newton Professional Acrylic Colour web table. | AH162: PNT000161 | AI162: MEA000161 | AJ162: BEH000161 | AK162: S001 | AL162: Linked in v7 | AO162: 1 | AP162: I | AR162: Official W&N Website
A163: 162 | B163: 229 | C163: B001 | D163: Winsor And Newton | E163: winsor and newton | F163: Colart | G163: M003 | H163: Acrylic | I163: acrylic | J163: PL004 | K163: Professional Acrylic | L163: professional acrylic | M163: Professional Acrylic | N163: Artist Acrylic | O163: Dioxazine Purple | P163: winsor and newton|acrylic|professional acrylic|dioxazine purple | Q163: Violet | R163: PV23 | S163: 1 | T163: Yes | U163: Transparent | V163: T | W163: Permanent | X163: 1213 | Y163: 35 | Z163: 29 | AA163: 31 | AB163: 35,29,31 | AD163: Sensual Logic | AE163: https://www.winsornewton.com/pages/professional-acrylic-colour | AF163: Verified From Official Source | AG163: Pigment code, opacity, permanence, ASTM and series updated from official Winsor & Newton Professional Acrylic Colour web table. | AH163: PNT000162 | AI163: MEA000162 | AJ163: BEH000162 | AK163: S001 | AL163: Linked in v7 | AO163: 3 | AP163: II | AQ163: ~ | AR163: Official W&N Website
A164: 163 | B164: 294 | C164: B001 | D164: Winsor And Newton | E164: winsor and newton | F164: Colart | G164: M003 | H164: Acrylic | I164: acrylic | J164: PL004 | K164: Professional Acrylic | L164: professional acrylic | M164: Professional Acrylic | N164: Artist Acrylic | O164: Green Gold | P164: winsor and newton|acrylic|professional acrylic|green gold | Q164: Yellow | R164: PY129 | S164: 1 | T164: Yes | U164: Transparent | V164: T | W164: Permanent | X164: 1295 | Y164: 67 | Z164: 72 | AA164: 44 | AB164: 67,72,44 | AD164: Sensual Logic | AE164: https://www.winsornewton.com/pages/professional-acrylic-colour | AF164: Verified From Official Source | AG164: Pigment code, opacity, permanence, ASTM and series updated from official Winsor & Newton Professional Acrylic Colour web table. | AH164: PNT000163 | AI164: MEA000163 | AJ164: BEH000163 | AK164: S001 | AL164: Linked in v7 | AO164: 4 | AP164: N/A | AQ164: ~ | AR164: Official W&N Website
A165: 164 | B165: 311 | C165: B001 | D165: Winsor And Newton | E165: winsor and newton | F165: Colart | G165: M003 | H165: Acrylic | I165: acrylic | J165: PL004 | K165: Professional Acrylic | L165: professional acrylic | M165: Professional Acrylic | N165: Artist Acrylic | O165: Hooker's Green | P165: winsor and newton|acrylic|professional acrylic|hooker s green | Q165: Green | R165: PG36,PY110 | S165: 2 | T165: No | U165: Transparent | V165: T | W165: Permanent | X165: 1279 | Y165: 52 | Z165: 64 | AA165: 38 | AB165: 52,64,38 | AD165: Sensual Logic | AE165: https://www.winsornewton.com/pages/professional-acrylic-colour | AF165: Verified From Official Source | AG165: Pigment code, opacity, permanence, ASTM and series updated from official Winsor & Newton Professional Acrylic Colour web table. | AH165: PNT000164 | AI165: MEA000164 | AJ165: BEH000164 | AK165: S001 | AL165: Linked in v7 | AO165: 3 | AP165: N/A | AR165: Official W&N Website
A166: 165 | B166: 321 | C166: B001 | D166: Winsor And Newton | E166: winsor and newton | F166: Colart | G166: M003 | H166: Acrylic | I166: acrylic | J166: PL004 | K166: Professional Acrylic | L166: professional acrylic | M166: Professional Acrylic | N166: Artist Acrylic | O166: Indanthrene Blue | P166: winsor and newton|acrylic|professional acrylic|indanthrene blue | Q166: Blue | R166: PB60 | S166: 1 | T166: Yes | U166: Transparent | V166: T | W166: Permanent | X166: 1263 | Y166: 34 | Z166: 21 | AA166: 36 | AB166: 34,21,36 | AD166: Sensual Logic | AE166: https://www.winsornewton.com/pages/professional-acrylic-colour | AF166: Verified From Official Source | AG166: Pigment code, opacity, permanence, ASTM and series updated from official Winsor & Newton Professional Acrylic Colour web table. | AH166: PNT000165 | AI166: MEA000165 | AJ166: BEH000165 | AK166: S001 | AL166: Linked in v7 | AO166: 3 | AP166: I | AQ166: ~ | AR166: Official W&N Website
A167: 166 | B167: 331 | C167: B001 | D167: Winsor And Newton | E167: winsor and newton | F167: Colart | G167: M003 | H167: Acrylic | I167: acrylic | J167: PL004 | K167: Professional Acrylic | L167: professional acrylic | M167: Professional Acrylic | N167: Artist Acrylic | O167: Ivory Black | P167: winsor and newton|acrylic|professional acrylic|ivory black | Q167: Black Or Gray | R167: PBk9 | S167: 1 | T167: Yes | U167: Opaque | V167: O | W167: Extremely Permanent | X167: 1359 | Y167: 41 | Z167: 41 | AA167: 41 | AB167: 41,41,41 | AD167: Sensual Logic | AE167: https://www.winsornewton.com/pages/professional-acrylic-colour | AF167: Verified From Official Source | AG167: Pigment code, opacity, permanence, ASTM and series updated from official Winsor & Newton Professional Acrylic Colour web table. | AH167: PNT000166 | AI167: MEA000166 | AJ167: BEH000166 | AK167: S001 | AL167: Linked in v7 | AO167: 1 | AP167: I | AQ167: ~ | AR167: Official W&N Website
A168: 167 | B168: 346 | C168: B001 | D168: Winsor And Newton | E168: winsor and newton | F168: Colart | G168: M003 | H168: Acrylic | I168: acrylic | J168: PL004 | K168: Professional Acrylic | L168: professional acrylic | M168: Professional Acrylic | N168: Artist Acrylic | O168: Lemon Yellow | P168: winsor and newton|acrylic|professional acrylic|lemon yellow | Q168: Yellow | R168: PY3 | S168: 1 | T168: Yes | U168: Semi Transparent | V168: ST | W168: Permanent | X168: 1233 | Y168: 243 | Z168: 224 | AA168: 0 | AB168: 243,224,0 | AD168: Sensual Logic | AE168: https://www.winsornewton.com/pages/professional-acrylic-colour | AF168: Verified From Official Source | AG168: Pigment code, opacity, permanence, ASTM and series updated from official Winsor & Newton Professional Acrylic Colour web table. | AH168: PNT000167 | AI168: MEA000167 | AJ168: BEH000167 | AK168: S001 | AL168: Linked in v7 | AO168: 2 | AP168: II | AQ168: ~ | AR168: Official W&N Website
A169: 168 | B169: 362 | C169: B001 | D169: Winsor And Newton | E169: winsor and newton | F169: Colart | G169: M003 | H169: Acrylic | I169: acrylic | J169: PL004 | K169: Professional Acrylic | L169: professional acrylic | M169: Professional Acrylic | N169: Artist Acrylic | O169: Light Red | P169: winsor and newton|acrylic|professional acrylic|light red | Q169: Red | R169: PR102 | S169: 1 | T169: Yes | U169: Semi Opaque | V169: SO | W169: Extremely Permanent | X169: 1421 | Y169: 158 | Z169: 75 | AA169: 53 | AB169: 158,75,53 | AD169: Sensual Logic | AE169: https://www.winsornewton.com/pages/professional-acrylic-colour | AF169: Verified From Official Source | AG169: Pigment code, opacity, permanence, ASTM and series updated from official Winsor & Newton Professional Acrylic Colour web table. | AH169: PNT000168 | AI169: MEA000168 | AJ169: BEH000168 | AK169: S001 | AL169: Linked in v7 | AO169: 1 | AP169: I | AQ169: ~ | AR169: Official W&N Website
A170: 169 | B170: 386 | C170: B001 | D170: Winsor And Newton | E170: winsor and newton | F170: Colart | G170: M003 | H170: Acrylic | I170: acrylic | J170: PL004 | K170: Professional Acrylic | L170: professional acrylic | M170: Professional Acrylic | N170: Artist Acrylic | O170: Mars Black | P170: winsor and newton|acrylic|professional acrylic|mars black | Q170: Black Or Gray | R170: PBk11 | S170: 1 | T170: Yes | U170: Opaque | V170: O | W170: Extremely Permanent | X170: 1550 | Y170: 46 | Z170: 45 | AA170: 44 | AB170: 46,45,44 | AD170: Sensual Logic | AE170: https://www.winsornewton.com/pages/professional-acrylic-colour | AF170: Verified From Official Source | AG170: Pigment code, opacity, permanence, ASTM and series updated from official Winsor & Newton Professional Acrylic Colour web table. | AH170: PNT000169 | AI170: MEA000169 | AJ170: BEH000169 | AK170: S001 | AL170: Linked in v7 | AO170: 1 | AP170: I | AQ170: ~ | AR170: Official W&N Website
A171: 170 | B171: 421 | C171: B001 | D171: Winsor And Newton | E171: winsor and newton | F171: Colart | G171: M003 | H171: Acrylic | I171: acrylic | J171: PL004 | K171: Professional Acrylic | L171: professional acrylic | M171: Professional Acrylic | N171: Artist Acrylic | O171: Naphthol Red Light | P171: winsor and newton|acrylic|professional acrylic|naphthol red light | Q171: Red | R171: PR112 | S171: 1 | T171: Yes | U171: Semi Transparent | V171: ST | W171: Permanent | X171: 1236 | Y171: 188 | Z171: 14 | AA171: 3 | AB171: 188,14,3 | AD171: Sensual Logic | AE171: https://www.winsornewton.com/pages/professional-acrylic-colour | AF171: Verified From Official Source | AG171: Pigment code, opacity, permanence, ASTM and series updated from official Winsor & Newton Professional Acrylic Colour web table. | AH171: PNT000170 | AI171: MEA000170 | AJ171: BEH000170 | AK171: S001 | AL171: Linked in v7 | AO171: 2 | AP171: II | AQ171: ~ | AR171: Official W&N Website
A172: 171 | B172: 423 | C172: B001 | D172: Winsor And Newton | E172: winsor and newton | F172: Colart | G172: M003 | H172: Acrylic | I172: acrylic | J172: PL004 | K172: Professional Acrylic | L172: professional acrylic | M172: Professional Acrylic | N172: Artist Acrylic | O172: Naphthol Red Medium | P172: winsor and newton|acrylic|professional acrylic|naphthol red medium | Q172: Red | R172: PR170 | S172: 1 | T172: Yes | U172: Semi Transparent | V172: ST | W172: Permanent | X172: 1235 | Y172: 175 | Z172: 0 | AA172: 7 | AB172: 175,0,7 | AD172: Sensual Logic | AE172: https://www.winsornewton.com/pages/professional-acrylic-colour | AF172: Verified From Official Source | AG172: Pigment code, opacity, permanence, ASTM and series updated from official Winsor & Newton Professional Acrylic Colour web table. | AH172: PNT000171 | AI172: MEA000171 | AJ172: BEH000171 | AK172: S001 | AL172: Linked in v7 | AO172: 2 | AP172: II | AQ172: ~ | AR172: Official W&N Website
A173: 172 | B173: 425 | C173: B001 | D173: Winsor And Newton | E173: winsor and newton | F173: Colart | G173: M003 | H173: Acrylic | I173: acrylic | J173: PL004 | K173: Professional Acrylic | L173: professional acrylic | M173: Professional Acrylic | N173: Artist Acrylic | O173: Naples Yellow Deep | P173: winsor and newton|acrylic|professional acrylic|naples yellow deep | Q173: Yellow | R173: PBr24 | S173: 1 | T173: Yes | U173: Opaque | V173: O | W173: Extremely Permanent | X173: 1491 | Y173: 235 | Z173: 165 | AA173: 63 | AB173: 235,165,63 | AD173: Sensual Logic | AE173: https://www.winsornewton.com/pages/professional-acrylic-colour | AF173: Verified From Official Source | AG173: Pigment code, opacity, permanence, ASTM and series updated from official Winsor & Newton Professional Acrylic Colour web table. | AH173: PNT000172 | AI173: MEA000172 | AJ173: BEH000172 | AK173: S001 | AL173: Linked in v7 | AO173: 2 | AP173: N/A | AQ173: ~ | AR173: Official W&N Website
A174: 173 | B174: 439 | C174: B001 | D174: Winsor And Newton | E174: winsor and newton | F174: Colart | G174: M003 | H174: Acrylic | I174: acrylic | J174: PL004 | K174: Professional Acrylic | L174: professional acrylic | M174: Professional Acrylic | N174: Artist Acrylic | O174: Nickel Azo Yellow | P174: winsor and newton|acrylic|professional acrylic|nickel azo yellow | Q174: Yellow | R174: PY150 | S174: 1 | T174: Yes | U174: Transparent | V174: T | W174: Permanent | X174: 1312 | Y174: 131 | Z174: 92 | AA174: 2 | AB174: 131,92,2 | AD174: Sensual Logic | AE174: https://www.winsornewton.com/pages/professional-acrylic-colour | AF174: Verified From Official Source | AG174: Pigment code, opacity, permanence, ASTM and series updated from official Winsor & Newton Professional Acrylic Colour web table. | AH174: PNT000173 | AI174: MEA000173 | AJ174: BEH000173 | AK174: S001 | AL174: Linked in v7 | AO174: 3 | AP174: N/A | AQ174: ~ | AR174: Official W&N Website
A175: 174 | B175: 447 | C175: B001 | D175: Winsor And Newton | E175: winsor and newton | F175: Colart | G175: M003 | H175: Acrylic | I175: acrylic | J175: PL004 | K175: Professional Acrylic | L175: professional acrylic | M175: Professional Acrylic | N175: Artist Acrylic | O175: Olive Green | P175: winsor and newton|acrylic|professional acrylic|olive green | Q175: Green | R175: PBk9,PY129,PY139 | S175: 3 | T175: No | U175: Transparent | V175: T | W175: Permanent | X175: 1263 | Y175: 41 | Z175: 50 | AA175: 34 | AB175: 41,50,34 | AD175: Sensual Logic | AE175: https://www.winsornewton.com/pages/professional-acrylic-colour | AF175: Verified From Official Source | AG175: Pigment code, opacity, permanence, ASTM and series updated from official Winsor & Newton Professional Acrylic Colour web table. | AH175: PNT000174 | AI175: MEA000174 | AJ175: BEH000174 | AK175: S001 | AL175: Linked in v7 | AO175: 2 | AP175: N/A | AR175: Official W&N Website
A176: 175 | B176: 460 | C176: B001 | D176: Winsor And Newton | E176: winsor and newton | F176: Colart | G176: M003 | H176: Acrylic | I176: acrylic | J176: PL004 | K176: Professional Acrylic | L176: professional acrylic | M176: Professional Acrylic | N176: Artist Acrylic | O176: Perylene Green | P176: winsor and newton|acrylic|professional acrylic|perylene green | Q176: Green | R176: PBk31 | S176: 1 | T176: Yes | U176: Semi Transparent | V176: ST | W176: Permanent | X176: 1265 | Y176: 39 | Z176: 32 | AA176: 32 | AB176: 39,32,32 | AD176: Sensual Logic | AE176: https://www.winsornewton.com/pages/professional-acrylic-colour | AF176: Verified From Official Source | AG176: Pigment code, opacity, permanence, ASTM and series updated from official Winsor & Newton Professional Acrylic Colour web table. | AH176: PNT000175 | AI176: MEA000175 | AJ176: BEH000175 | AK176: S001 | AL176: Linked in v7 | AO176: 4 | AP176: N/A | AQ176: ~ | AR176: Official W&N Website
A177: 176 | B177: 464 | C177: B001 | D177: Winsor And Newton | E177: winsor and newton | F177: Colart | G177: M003 | H177: Acrylic | I177: acrylic | J177: PL004 | K177: Professional Acrylic | L177: professional acrylic | M177: Professional Acrylic | N177: Artist Acrylic | O177: Perylene Red | P177: winsor and newton|acrylic|professional acrylic|perylene red | Q177: Red | R177: PR149 | S177: 1 | T177: Yes | U177: Transparent | V177: T | W177: Permanent | X177: 1289 | Y177: 139 | Z177: 0 | AA177: 20 | AB177: 139,0,20 | AD177: Sensual Logic | AE177: https://www.winsornewton.com/pages/professional-acrylic-colour | AF177: Verified From Official Source | AG177: Pigment code, opacity, permanence, ASTM and series updated from official Winsor & Newton Professional Acrylic Colour web table. | AH177: PNT000176 | AI177: MEA000176 | AJ177: BEH000176 | AK177: S001 | AL177: Linked in v7 | AO177: 4 | AP177: I | AQ177: ~ | AR177: Official W&N Website
A178: 177 | B178: 466 | C178: B001 | D178: Winsor And Newton | E178: winsor and newton | F178: Colart | G178: M003 | H178: Acrylic | I178: acrylic | J178: PL004 | K178: Professional Acrylic | L178: professional acrylic | M178: Professional Acrylic | N178: Artist Acrylic | O178: Permanent Alizarin Crimson | P178: winsor and newton|acrylic|professional acrylic|permanent alizarin crimson | Q178: Red | R178: PR177,PV23 | S178: 2 | T178: No | U178: Transparent | V178: T | W178: Permanent | X178: 1191 | Y178: 89 | Z178: 26 | AA178: 34 | AB178: 89,26,34 | AD178: Sensual Logic | AE178: https://www.winsornewton.com/pages/professional-acrylic-colour | AF178: Verified From Official Source | AG178: Pigment code, opacity, permanence, ASTM and series updated from official Winsor & Newton Professional Acrylic Colour web table. | AH178: PNT000177 | AI178: MEA000177 | AJ178: BEH000177 | AK178: S001 | AL178: Linked in v7 | AO178: 3 | AP178: N/A | AR178: Official W&N Website
A179: 178 | B179: 470 | C179: B001 | D179: Winsor And Newton | E179: winsor and newton | F179: Colart | G179: M003 | H179: Acrylic | I179: acrylic | J179: PL004 | K179: Professional Acrylic | L179: professional acrylic | M179: Professional Acrylic | N179: Artist Acrylic | O179: Perylene Violet | P179: winsor and newton|acrylic|professional acrylic|perylene violet | Q179: Violet | R179: PV29 | S179: 1 | T179: Yes | U179: Transparent | V179: T | W179: Permanent | X179: 1239 | Y179: 58 | Z179: 22 | AA179: 23 | AB179: 58,22,23 | AD179: Sensual Logic | AE179: https://www.winsornewton.com/pages/professional-acrylic-colour | AF179: Verified From Official Source | AG179: Pigment code, opacity, permanence, ASTM and series updated from official Winsor & Newton Professional Acrylic Colour web table. | AH179: PNT000178 | AI179: MEA000178 | AJ179: BEH000178 | AK179: S001 | AL179: Linked in v7 | AO179: 4 | AP179: N/A | AQ179: ~ | AR179: Official W&N Website
A180: 179 | B180: 503 | C180: B001 | D180: Winsor And Newton | E180: winsor and newton | F180: Colart | G180: M003 | H180: Acrylic | I180: acrylic | J180: PL004 | K180: Professional Acrylic | L180: professional acrylic | M180: Professional Acrylic | N180: Artist Acrylic | O180: Permanent Sap Green | P180: winsor and newton|acrylic|professional acrylic|permanent sap green | Q180: Green | R180: PB15:3,PBk9,PY83 | S180: 3 | T180: No | U180: Transparent | V180: T | W180: Permanent | X180: 1289 | Y180: 24 | Z180: 38 | AA180: 21 | AB180: 24,38,21 | AD180: Sensual Logic | AE180: https://www.winsornewton.com/pages/professional-acrylic-colour | AF180: Verified From Official Source | AG180: Pigment code, opacity, permanence, ASTM and series updated from official Winsor & Newton Professional Acrylic Colour web table. | AH180: PNT000179 | AI180: MEA000179 | AJ180: BEH000179 | AK180: S001 | AL180: Linked in v7 | AO180: 3 | AP180: I | AR180: Official W&N Website
A181: 180 | B181: 507 | C181: B001 | D181: Winsor And Newton | E181: winsor and newton | F181: Colart | G181: M003 | H181: Acrylic | I181: acrylic | J181: PL004 | K181: Professional Acrylic | L181: professional acrylic | M181: Professional Acrylic | N181: Artist Acrylic | O181: Perylene Maroon | P181: winsor and newton|acrylic|professional acrylic|perylene maroon | Q181: Red | R181: PR179 | S181: 1 | T181: Yes | U181: Transparent | V181: T | W181: Permanent | X181: 1225 | Y181: 76 | Z181: 20 | AA181: 22 | AB181: 76,20,22 | AD181: Sensual Logic | AE181: https://www.winsornewton.com/pages/professional-acrylic-colour | AF181: Verified From Official Source | AG181: Pigment code, opacity, permanence, ASTM and series updated from official Winsor & Newton Professional Acrylic Colour web table. | AH181: PNT000180 | AI181: MEA000180 | AJ181: BEH000180 | AK181: S001 | AL181: Linked in v7 | AO181: 4 | AP181: N/A | AQ181: ~ | AR181: Official W&N Website
A182: 181 | B182: 514 | C182: B001 | D182: Winsor And Newton | E182: winsor and newton | F182: Colart | G182: M003 | H182: Acrylic | I182: acrylic | J182: PL004 | K182: Professional Acrylic | L182: professional acrylic | M182: Professional Acrylic | N182: Artist Acrylic | O182: Phthalo Blue (Red Shade) | P182: winsor and newton|acrylic|professional acrylic|phthalo blue red shade | Q182: Red | R182: PB15:1 | S182: 1 | T182: Yes | U182: Transparent | V182: T | W182: Permanent | X182: 1097 | Y182: 25 | Z182: 14 | AA182: 58 | AB182: 25,14,58 | AD182: Sensual Logic | AE182: https://www.winsornewton.com/pages/professional-acrylic-colour | AF182: Verified From Official Source | AG182: Pigment code, opacity, permanence, ASTM and series updated from official Winsor & Newton Professional Acrylic Colour web table. | AH182: PNT000181 | AI182: MEA000181 | AJ182: BEH000181 | AK182: S001 | AL182: Linked in v7 | AO182: 2 | AP182: I | AQ182: ~ | AR182: Official W&N Website
A183: 182 | B183: 515 | C183: B001 | D183: Winsor And Newton | E183: winsor and newton | F183: Colart | G183: M003 | H183: Acrylic | I183: acrylic | J183: PL004 | K183: Professional Acrylic | L183: professional acrylic | M183: Professional Acrylic | N183: Artist Acrylic | O183: Phthalo Blue (Green Shade) | P183: winsor and newton|acrylic|professional acrylic|phthalo blue green shade | Q183: Blue | R183: PB15:3 | S183: 1 | T183: Yes | U183: Transparent | V183: T | W183: Permanent | X183: 1268 | Y183: 16 | Z183: 36 | AA183: 53 | AB183: 16,36,53 | AD183: Sensual Logic | AE183: https://www.winsornewton.com/pages/professional-acrylic-colour | AF183: Verified From Official Source | AG183: Pigment code, opacity, permanence, ASTM and series updated from official Winsor & Newton Professional Acrylic Colour web table. | AH183: PNT000182 | AI183: MEA000182 | AJ183: BEH000182 | AK183: S001 | AL183: Linked in v7 | AO183: 2 | AP183: I | AQ183: ~ | AR183: Official W&N Website
A184: 183 | B184: 519 | C184: B001 | D184: Winsor And Newton | E184: winsor and newton | F184: Colart | G184: M003 | H184: Acrylic | I184: acrylic | J184: PL004 | K184: Professional Acrylic | L184: professional acrylic | M184: Professional Acrylic | N184: Artist Acrylic | O184: Pyrrole Orange | P184: winsor and newton|acrylic|professional acrylic|pyrrole orange | Q184: Orange | R184: PO73 | S184: 1 | T184: Yes | U184: Semi Transparent | V184: ST | W184: Permanent | X184: 1246 | Y184: 244 | Z184: 66 | AA184: 0 | AB184: 244,66,0 | AD184: Sensual Logic | AE184: https://www.winsornewton.com/pages/professional-acrylic-colour | AF184: Verified From Official Source | AG184: Pigment code, opacity, permanence, ASTM and series updated from official Winsor & Newton Professional Acrylic Colour web table. | AH184: PNT000183 | AI184: MEA000183 | AJ184: BEH000183 | AK184: S001 | AL184: Linked in v7 | AO184: 4 | AP184: N/A | AQ184: ~ | AR184: Official W&N Website
A185: 184 | B185: 521 | C185: B001 | D185: Winsor And Newton | E185: winsor and newton | F185: Colart | G185: M003 | H185: Acrylic | I185: acrylic | J185: PL004 | K185: Professional Acrylic | L185: professional acrylic | M185: Professional Acrylic | N185: Artist Acrylic | O185: Phthalo Green (Yellow Shade) | P185: winsor and newton|acrylic|professional acrylic|phthalo green yellow shade | Q185: Yellow | R185: PG36 | S185: 1 | T185: Yes | U185: Transparent | V185: T | W185: Permanent | X185: 1286 | Y185: 0 | Z185: 47 | AA185: 42 | AB185: 0,47,42 | AD185: Sensual Logic | AE185: https://www.winsornewton.com/pages/professional-acrylic-colour | AF185: Verified From Official Source | AG185: Pigment code, opacity, permanence, ASTM and series updated from official Winsor & Newton Professional Acrylic Colour web table. | AH185: PNT000184 | AI185: MEA000184 | AJ185: BEH000184 | AK185: S001 | AL185: Linked in v7 | AO185: 2 | AP185: I | AQ185: ~ | AR185: Official W&N Website
A186: 185 | B186: 522 | C186: B001 | D186: Winsor And Newton | E186: winsor and newton | F186: Colart | G186: M003 | H186: Acrylic | I186: acrylic | J186: PL004 | K186: Professional Acrylic | L186: professional acrylic | M186: Professional Acrylic | N186: Artist Acrylic | O186: Phthalo Green (Blue Shade) | P186: winsor and newton|acrylic|professional acrylic|phthalo green blue shade | Q186: Blue | R186: PG7 | S186: 1 | T186: Yes | U186: Transparent | V186: T | W186: Permanent | X186: 1289 | Y186: 2 | Z186: 33 | AA186: 39 | AB186: 2,33,39 | AD186: Sensual Logic | AE186: https://www.winsornewton.com/pages/professional-acrylic-colour | AF186: Verified From Official Source | AG186: Pigment code, opacity, permanence, ASTM and series updated from official Winsor & Newton Professional Acrylic Colour web table. | AH186: PNT000185 | AI186: MEA000185 | AJ186: BEH000185 | AK186: S001 | AL186: Linked in v7 | AO186: 2 | AP186: I | AQ186: ~ | AR186: Official W&N Website
A187: 186 | B187: 526 | C187: B001 | D187: Winsor And Newton | E187: winsor and newton | F187: Colart | G187: M003 | H187: Acrylic | I187: acrylic | J187: PL004 | K187: Professional Acrylic | L187: professional acrylic | M187: Professional Acrylic | N187: Artist Acrylic | O187: Phthalo Turquoise | P187: winsor and newton|acrylic|professional acrylic|phthalo turquoise | Q187: Blue | R187: PB16 | S187: 1 | T187: Yes | U187: Transparent | V187: T | W187: Permanent | X187: 1253 | Y187: 0 | Z187: 55 | AA187: 60 | AB187: 0,55,60 | AD187: Sensual Logic | AE187: https://www.winsornewton.com/pages/professional-acrylic-colour | AF187: Verified From Official Source | AG187: Pigment code, opacity, permanence, ASTM and series updated from official Winsor & Newton Professional Acrylic Colour web table. | AH187: PNT000186 | AI187: MEA000186 | AJ187: BEH000186 | AK187: S001 | AL187: Linked in v7 | AO187: 3 | AP187: N/A | AQ187: ~ | AR187: Official W&N Website
A188: 187 | B188: 534 | C188: B001 | D188: Winsor And Newton | E188: winsor and newton | F188: Colart | G188: M003 | H188: Acrylic | I188: acrylic | J188: PL004 | K188: Professional Acrylic | L188: professional acrylic | M188: Professional Acrylic | N188: Artist Acrylic | O188: Pyrrole Red | P188: winsor and newton|acrylic|professional acrylic|pyrrole red | Q188: Red | R188: PR254 | S188: 1 | T188: Yes | U188: Opaque | V188: O | W188: Permanent | X188: 1252 | Y188: 193 | Z188: 0 | AA188: 28 | AB188: 193,0,28 | AD188: Sensual Logic | AE188: https://www.winsornewton.com/pages/professional-acrylic-colour | AF188: Verified From Official Source | AG188: Pigment code, opacity, permanence, ASTM and series updated from official Winsor & Newton Professional Acrylic Colour web table. | AH188: PNT000187 | AI188: MEA000187 | AJ188: BEH000187 | AK188: S001 | AL188: Linked in v7 | AO188: 4 | AP188: I | AQ188: ~ | AR188: Official W&N Website
A189: 188 | B189: 536 | C189: B001 | D189: Winsor And Newton | E189: winsor and newton | F189: Colart | G189: M003 | H189: Acrylic | I189: acrylic | J189: PL004 | K189: Professional Acrylic | L189: professional acrylic | M189: Professional Acrylic | N189: Artist Acrylic | O189: Pyrrole Red Light | P189: winsor and newton|acrylic|professional acrylic|pyrrole red light | Q189: Red | R189: PR255 | S189: 1 | T189: Yes | U189: Opaque | V189: O | W189: Permanent | X189: 1241 | Y189: 215 | Z189: 34 | AA189: 34 | AB189: 215,34,34 | AD189: Sensual Logic | AE189: https://www.winsornewton.com/pages/professional-acrylic-colour | AF189: Verified From Official Source | AG189: Pigment code, opacity, permanence, ASTM and series updated from official Winsor & Newton Professional Acrylic Colour web table. | AH189: PNT000188 | AI189: MEA000188 | AJ189: BEH000188 | AK189: S001 | AL189: Linked in v7 | AO189: 4 | AP189: I | AQ189: ~ | AR189: Official W&N Website
A190: 189 | B190: 537 | C190: B001 | D190: Winsor And Newton | E190: winsor and newton | F190: Colart | G190: M003 | H190: Acrylic | I190: acrylic | J190: PL004 | K190: Professional Acrylic | L190: professional acrylic | M190: Professional Acrylic | N190: Artist Acrylic | O190: Potter's Pink | P190: winsor and newton|acrylic|professional acrylic|potter s pink | Q190: Red | R190: PR233 | S190: 1 | T190: Yes | U190: Semi Opaque | V190: SO | W190: Extremely Permanent | X190: 1380 | Y190: 129 | Z190: 67 | AA190: 78 | AB190: 129,67,78 | AD190: Sensual Logic | AE190: https://www.winsornewton.com/pages/professional-acrylic-colour | AF190: Verified From Official Source | AG190: Pigment code, opacity, permanence, ASTM and series updated from official Winsor & Newton Professional Acrylic Colour web table. | AH190: PNT000189 | AI190: MEA000189 | AJ190: BEH000189 | AK190: S001 | AL190: Linked in v7 | AO190: 3 | AP190: N/A | AQ190: ~ | AR190: Official W&N Website
A191: 190 | B191: 545 | C191: B001 | D191: Winsor And Newton | E191: winsor and newton | F191: Colart | G191: M003 | H191: Acrylic | I191: acrylic | J191: PL004 | K191: Professional Acrylic | L191: professional acrylic | M191: Professional Acrylic | N191: Artist Acrylic | O191: Quinacridone Magenta | P191: winsor and newton|acrylic|professional acrylic|quinacridone magenta | Q191: Red | R191: PV19 | S191: 1 | T191: Yes | U191: Transparent | V191: T | W191: Permanent | X191: 1260 | Y191: 78 | Z191: 17 | AA191: 31 | AB191: 78,17,31 | AD191: Sensual Logic | AE191: https://www.winsornewton.com/pages/professional-acrylic-colour | AF191: Verified From Official Source | AG191: Pigment code, opacity, permanence, ASTM and series updated from official Winsor & Newton Professional Acrylic Colour web table. | AH191: PNT000190 | AI191: MEA000190 | AJ191: BEH000190 | AK191: S001 | AL191: Linked in v7 | AO191: 3 | AP191: I | AQ191: ~ | AR191: Official W&N Website
A192: 191 | B192: 548 | C192: B001 | D192: Winsor And Newton | E192: winsor and newton | F192: Colart | G192: M003 | H192: Acrylic | I192: acrylic | J192: PL004 | K192: Professional Acrylic | L192: professional acrylic | M192: Professional Acrylic | N192: Artist Acrylic | O192: Quinacridone Red | P192: winsor and newton|acrylic|professional acrylic|quinacridone red | Q192: Red | R192: PR209 | S192: 1 | T192: Yes | U192: Transparent | V192: T | W192: Permanent | X192: 1302 | Y192: 154 | Z192: 21 | AA192: 36 | AB192: 154,21,36 | AD192: Sensual Logic | AE192: https://www.winsornewton.com/pages/professional-acrylic-colour | AF192: Verified From Official Source | AG192: Pigment code, opacity, permanence, ASTM and series updated from official Winsor & Newton Professional Acrylic Colour web table. | AH192: PNT000191 | AI192: MEA000191 | AJ192: BEH000191 | AK192: S001 | AL192: Linked in v7 | AO192: 3 | AP192: I | AQ192: ~ | AR192: Official W&N Website
... A194: 193 | B194: 550 | C194: B001 | D194: Winsor And Newton | E194: winsor and newton | F194: Colart | G194: M003 | H194: Acrylic | I194: acrylic | J194: PL004 | K194: Professional Acrylic | L194: professional acrylic | M194: Professional Acrylic | N194: Artist Acrylic | O194: Quinacridone Violet | P194: winsor and newton|acrylic|professional acrylic|quinacridone violet | Q194: Violet | R194: PR122 | S194: 1 | T194: Yes | U194: Transparent | V194: T | W194: Permanent | X194: 1274 | Y194: 96 | Z194: 22 | AA194: 47 | AB194: 96,22,47 | AD194: Sensual Logic | AE194: https://www.winsornewton.com/pages/professional-acrylic-colour | AF194: Verified From Official Source | AG194: Pigment code, opacity, permanence, ASTM and series updated from official Winsor & Newton Professional Acrylic Colour web table. | AH194: PNT000193 | AI194: MEA000193 | AJ194: BEH000193 | AK194: S001 | AL194: Linked in v7 | AO194: 3 | AP194: I | AQ194: ~ | AR194: Official W&N Website
A195: 194 | B195: 552 | C195: B001 | D195: Winsor And Newton | E195: winsor and newton | F195: Colart | G195: M003 | H195: Acrylic | I195: acrylic | J195: PL004 | K195: Professional Acrylic | L195: professional acrylic | M195: Professional Acrylic | N195: Artist Acrylic | O195: Raw Sienna | P195: winsor and newton|acrylic|professional acrylic|raw sienna | Q195: Orange | R195: PR101,PY42 | S195: 2 | T195: No | U195: Transparent | V195: T | W195: Extremely Permanent | X195: 1346 | Y195: 111 | Z195: 69 | AA195: 28 | AB195: 111,69,28 | AD195: Sensual Logic | AE195: https://www.winsornewton.com/pages/professional-acrylic-colour | AF195: Verified From Official Source | AG195: Pigment code, opacity, permanence, ASTM and series updated from official Winsor & Newton Professional Acrylic Colour web table. | AH195: PNT000194 | AI195: MEA000194 | AJ195: BEH000194 | AK195: S001 | AL195: Linked in v7 | AO195: 1 | AP195: I | AR195: Official W&N Website
A196: 195 | B196: 554 | C196: B001 | D196: Winsor And Newton | E196: winsor and newton | F196: Colart | G196: M003 | H196: Acrylic | I196: acrylic | J196: PL004 | K196: Professional Acrylic | L196: professional acrylic | M196: Professional Acrylic | N196: Artist Acrylic | O196: Raw Umber | P196: winsor and newton|acrylic|professional acrylic|raw umber | Q196: Earth | R196: PBr7 | S196: 1 | T196: Yes | U196: Semi Opaque | V196: SO | W196: Extremely Permanent | X196: 1329 | Y196: 62 | Z196: 54 | AA196: 46 | AB196: 62,54,46 | AD196: Sensual Logic | AE196: https://www.winsornewton.com/pages/professional-acrylic-colour | AF196: Verified From Official Source | AG196: Pigment code, opacity, permanence, ASTM and series updated from official Winsor & Newton Professional Acrylic Colour web table. | AH196: PNT000195 | AI196: MEA000195 | AJ196: BEH000195 | AK196: S001 | AL196: Linked in v7 | AO196: 1 | AP196: I | AQ196: ~ | AR196: Official W&N Website
A197: 196 | B197: 644 | C197: B001 | D197: Winsor And Newton | E197: winsor and newton | F197: Colart | G197: M003 | H197: Acrylic | I197: acrylic | J197: PL004 | K197: Professional Acrylic | L197: professional acrylic | M197: Professional Acrylic | N197: Artist Acrylic | O197: Titanium White | P197: winsor and newton|acrylic|professional acrylic|titanium white | Q197: White | R197: PW6 | S197: 1 | T197: Yes | U197: Opaque | V197: O | W197: Extremely Permanent | X197: 1728 | Y197: 253 | Z197: 254 | AA197: 249 | AB197: 253,254,249 | AD197: Sensual Logic | AE197: https://www.winsornewton.com/pages/professional-acrylic-colour | AF197: Verified From Official Source | AG197: Pigment code, opacity, permanence, ASTM and series updated from official Winsor & Newton Professional Acrylic Colour web table. | AH197: PNT000196 | AI197: MEA000196 | AJ197: BEH000196 | AK197: S001 | AL197: Linked in v7 | AO197: 1 | AP197: I | AQ197: ~ | AR197: Official W&N Website
A198: 197 | B198: 664 | C198: B001 | D198: Winsor And Newton | E198: winsor and newton | F198: Colart | G198: M003 | H198: Acrylic | I198: acrylic | J198: PL004 | K198: Professional Acrylic | L198: professional acrylic | M198: Professional Acrylic | N198: Artist Acrylic | O198: Ultramarine Blue | P198: winsor and newton|acrylic|professional acrylic|ultramarine blue | Q198: Blue | R198: PB29 | S198: 1 | T198: Yes | U198: Transparent | V198: T | W198: Permanent | X198: 1385 | Y198: 53 | Z198: 48 | AA198: 83 | AB198: 53,48,83 | AD198: Sensual Logic | AE198: https://www.winsornewton.com/pages/professional-acrylic-colour | AF198: Verified From Official Source | AG198: Pigment code, opacity, permanence, ASTM and series updated from official Winsor & Newton Professional Acrylic Colour web table. | AH198: PNT000197 | AI198: MEA000197 | AJ198: BEH000197 | AK198: S001 | AL198: Linked in v7 | AO198: 2 | AP198: I | AQ198: ~ | AR198: Official W&N Website
A199: 198 | B199: 672 | C199: B001 | D199: Winsor And Newton | E199: winsor and newton | F199: Colart | G199: M003 | H199: Acrylic | I199: acrylic | J199: PL004 | K199: Professional Acrylic | L199: professional acrylic | M199: Professional Acrylic | N199: Artist Acrylic | O199: Ultramarine Violet | P199: winsor and newton|acrylic|professional acrylic|ultramarine violet | Q199: Violet | R199: PV15 | S199: 1 | T199: Yes | U199: Transparent | V199: T | W199: Permanent | X199: 1435 | Y199: 54 | Z199: 52 | AA199: 68 | AB199: 54,52,68 | AD199: Sensual Logic | AE199: https://www.winsornewton.com/pages/professional-acrylic-colour | AF199: Verified From Official Source | AG199: Pigment code, opacity, permanence, ASTM and series updated from official Winsor & Newton Professional Acrylic Colour web table. | AH199: PNT000198 | AI199: MEA000198 | AJ199: BEH000198 | AK199: S001 | AL199: Linked in v7 | AO199: 2 | AP199: I | AQ199: ~ | AR199: Official W&N Website
A200: 199 | B200: 744 | C200: B001 | D200: Winsor And Newton | E200: winsor and newton | F200: Colart | G200: M003 | H200: Acrylic | I200: acrylic | J200: PL004 | K200: Professional Acrylic | L200: professional acrylic | M200: Professional Acrylic | N200: Artist Acrylic | O200: Yellow Ochre | P200: winsor and newton|acrylic|professional acrylic|yellow ochre | Q200: Yellow | R200: PY43 | S200: 1 | T200: Yes | U200: Semi Transparent | V200: ST | W200: Extremely Permanent | X200: 1436 | Y200: 162 | Z200: 109 | AA200: 51 | AB200: 162,109,51 | AD200: Sensual Logic | AE200: https://www.winsornewton.com/pages/professional-acrylic-colour | AF200: Verified From Official Source | AG200: Pigment code, opacity, permanence, ASTM and series updated from official Winsor & Newton Professional Acrylic Colour web table. | AH200: PNT000199 | AI200: MEA000199 | AJ200: BEH000199 | AK200: S001 | AL200: Linked in v7 | AO200: 1 | AP200: I | AQ200: ~ | AR200: Official W&N Website
A201: 200 | B201: WNPA-415 | C201: B001 | D201: Winsor And Newton | E201: winsor and newton | F201: Colart | G201: M003 | H201: Acrylic | I201: acrylic | J201: PL004 | K201: Professional Acrylic | L201: professional acrylic | M201: Professional Acrylic | N201: Artist Acrylic | O201: Mixing White | P201: winsor and newton|acrylic|professional acrylic|mixing white | Q201: White | R201: PW6 | S201: 1 | T201: Yes | U201: Semi Opaque | V201: SO | W201: Extremely Permanent | AC201: See official PDF page 2 colour chart | AD201: Winsor And Newton Official Colour Chart | AE201: https://www.winsornewton.com/pages/professional-acrylic-colour | AF201: Verified From Official Source | AG201: Pigment code, opacity, permanence, ASTM and series updated from official Winsor & Newton Professional Acrylic Colour web table. | AH201: PNT000200 | AI201: MEA000200 | AJ201: BEH000200 | AK201: S002 | AL201: Linked in v8 from official WN source | AM201: 415 | AN201: AA | AO201: 1 | AP201: I | AQ201: ~ | AR201: Official W&N Website
A202: 201 | B202: WNPA-644 | C202: B001 | D202: Winsor And Newton | E202: winsor and newton | F202: Colart | G202: M003 | H202: Acrylic | I202: acrylic | J202: PL004 | K202: Professional Acrylic | L202: professional acrylic | M202: Professional Acrylic | N202: Artist Acrylic | O202: Titanium White | P202: winsor and newton|acrylic|professional acrylic|titanium white | Q202: White | R202: PW6 | S202: 1 | T202: Yes | U202: Opaque | V202: O | W202: Extremely Permanent | AC202: See official PDF page 2 colour chart | AD202: Winsor And Newton Official Colour Chart | AE202: https://www.winsornewton.com/pages/professional-acrylic-colour | AF202: Verified From Official Source | AG202: Pigment code, opacity, permanence, ASTM and series updated from official Winsor & Newton Professional Acrylic Colour web table. | AH202: PNT000201 | AI202: MEA000201 | AJ202: BEH000201 | AK202: S002 | AL202: Linked in v8 from official WN source | AM202: 644 | AN202: AA | AO202: 1 | AP202: I | AQ202: ~ | AR202: Official W&N Website
A203: 202 | B203: WNPA-330 | C203: B001 | D203: Winsor And Newton | E203: winsor and newton | F203: Colart | G203: M003 | H203: Acrylic | I203: acrylic | J203: PL004 | K203: Professional Acrylic | L203: professional acrylic | M203: Professional Acrylic | N203: Artist Acrylic | O203: Iridescent White | P203: winsor and newton|acrylic|professional acrylic|iridescent white | Q203: White | R203: N/A | S203: 0 | T203: Not Applicable | U203: Semi Opaque | V203: SO | W203: Permanent | AC203: See official PDF page 2 colour chart | AD203: Winsor And Newton Official Colour Chart | AE203: https://www.winsornewton.com/pages/professional-acrylic-colour | AF203: Verified From Official Source | AG203: Pigment code, opacity, permanence, ASTM and series updated from official Winsor & Newton Professional Acrylic Colour web table. | AH203: PNT000202 | AI203: MEA000202 | AJ203: BEH000202 | AK203: S002 | AL203: Linked in v8 from official WN source | AM203: 330 | AN203: A | AO203: 3 | AP203: N/A | AR203: Official W&N Website
A204: 203 | B204: WNPA-617 | C204: B001 | D204: Winsor And Newton | E204: winsor and newton | F204: Colart | G204: M003 | H204: Acrylic | I204: acrylic | J204: PL004 | K204: Professional Acrylic | L204: professional acrylic | M204: Professional Acrylic | N204: Artist Acrylic | O204: Silver | P204: winsor and newton|acrylic|professional acrylic|silver | Q204: Metallic | R204: N/A | S204: 0 | T204: Not Applicable | U204: Semi Opaque | V204: SO | W204: Permanent | AC204: See official PDF page 2 colour chart | AD204: Winsor And Newton Official Colour Chart | AE204: https://www.winsornewton.com/pages/professional-acrylic-colour | AF204: Verified From Official Source | AG204: Pigment code, opacity, permanence, ASTM and series updated from official Winsor & Newton Professional Acrylic Colour web table. | AH204: PNT000203 | AI204: MEA000203 | AJ204: BEH000203 | AK204: S002 | AL204: Linked in v8 from official WN source | AM204: 617 | AN204: A | AO204: 3 | AP204: N/A | AR204: Official W&N Website
A205: 204 | B205: WNPA-624 | C205: B001 | D205: Winsor And Newton | E205: winsor and newton | F205: Colart | G205: M003 | H205: Acrylic | I205: acrylic | J205: PL004 | K205: Professional Acrylic | L205: professional acrylic | M205: Professional Acrylic | N205: Artist Acrylic | O205: Silver No. 2 | P205: winsor and newton|acrylic|professional acrylic|silver no. 2 | Q205: Metallic | R205: N/A | S205: 0 | T205: Not Applicable | U205: Semi Opaque | V205: SO | W205: Permanent | AC205: See official PDF page 2 colour chart | AD205: Winsor And Newton Official Colour Chart | AE205: https://www.winsornewton.com/pages/professional-acrylic-colour | AF205: Verified From Official Source | AG205: Pigment code, opacity, permanence, ASTM and series updated from official Winsor & Newton Professional Acrylic Colour web table. | AH205: PNT000204 | AI205: MEA000204 | AJ205: BEH000204 | AK205: S002 | AL205: Linked in v8 from official WN source | AM205: 624 | AN205: A | AO205: 3 | AP205: N/A | AR205: Official W&N Website
A206: 205 | B206: WNPA-283 | C206: B001 | D206: Winsor And Newton | E206: winsor and newton | F206: Colart | G206: M003 | H206: Acrylic | I206: acrylic | J206: PL004 | K206: Professional Acrylic | L206: professional acrylic | M206: Professional Acrylic | N206: Artist Acrylic | O206: Gold | P206: winsor and newton|acrylic|professional acrylic|gold | Q206: Yellow | R206: N/A | S206: 0 | T206: Not Applicable | U206: Semi Opaque | V206: SO | W206: Permanent | AC206: See official PDF page 2 colour chart | AD206: Winsor And Newton Official Colour Chart | AE206: https://www.winsornewton.com/pages/professional-acrylic-colour | AF206: Verified From Official Source | AG206: Pigment code, opacity, permanence, ASTM and series updated from official Winsor & Newton Professional Acrylic Colour web table. | AH206: PNT000205 | AI206: MEA000205 | AJ206: BEH000205 | AK206: S002 | AL206: Linked in v8 from official WN source | AM206: 283 | AN206: A | AO206: 3 | AP206: N/A | AR206: Official W&N Website
A207: 206 | B207: WNPA-573 | C207: B001 | D207: Winsor And Newton | E207: winsor and newton | F207: Colart | G207: M003 | H207: Acrylic | I207: acrylic | J207: PL004 | K207: Professional Acrylic | L207: professional acrylic | M207: Professional Acrylic | N207: Artist Acrylic | O207: Renaissance Gold | P207: winsor and newton|acrylic|professional acrylic|renaissance gold | Q207: Yellow | R207: N/A | S207: 0 | T207: Not Applicable | U207: Semi Opaque | V207: SO | W207: Permanent | AC207: See official PDF page 2 colour chart | AD207: Winsor And Newton Official Colour Chart | AE207: https://www.winsornewton.com/pages/professional-acrylic-colour | AF207: Verified From Official Source | AG207: Pigment code, opacity, permanence, ASTM and series updated from official Winsor & Newton Professional Acrylic Colour web table. | AH207: PNT000206 | AI207: MEA000206 | AJ207: BEH000206 | AK207: S002 | AL207: Linked in v8 from official WN source | AM207: 573 | AN207: A | AO207: 3 | AP207: N/A | AR207: Official W&N Website
A208: 207 | B208: WNPA-014 | C208: B001 | D208: Winsor And Newton | E208: winsor and newton | F208: Colart | G208: M003 | H208: Acrylic | I208: acrylic | J208: PL004 | K208: Professional Acrylic | L208: professional acrylic | M208: Professional Acrylic | N208: Artist Acrylic | O208: Antique Gold | P208: winsor and newton|acrylic|professional acrylic|antique gold | Q208: Yellow | R208: N/A | S208: 0 | T208: Not Applicable | U208: Semi Opaque | V208: SO | W208: Permanent | AC208: See official PDF page 2 colour chart | AD208: Winsor And Newton Official Colour Chart | AE208: https://www.winsornewton.com/pages/professional-acrylic-colour | AF208: Verified From Official Source | AG208: Pigment code, opacity, permanence, ASTM and series updated from official Winsor & Newton Professional Acrylic Colour web table. | AH208: PNT000207 | AI208: MEA000207 | AJ208: BEH000207 | AK208: S002 | AL208: Linked in v8 from official WN source | AM208: 014 | AN208: A | AO208: 3 | AP208: N/A | AR208: Official W&N Website
A209: 208 | B209: WNPA-447 | C209: B001 | D209: Winsor And Newton | E209: winsor and newton | F209: Colart | G209: M003 | H209: Acrylic | I209: acrylic | J209: PL004 | K209: Professional Acrylic | L209: professional acrylic | M209: Professional Acrylic | N209: Artist Acrylic | O209: Olive Green | P209: winsor and newton|acrylic|professional acrylic|olive green | Q209: Green | R209: PBk9,PY129,PY139 | S209: 3 | T209: No | U209: Transparent | V209: T | W209: Permanent | AC209: See official PDF page 2 colour chart | AD209: Winsor And Newton Official Colour Chart | AE209: https://www.winsornewton.com/pages/professional-acrylic-colour | AF209: Verified From Official Source | AG209: Pigment code, opacity, permanence, ASTM and series updated from official Winsor & Newton Professional Acrylic Colour web table. | AH209: PNT000208 | AI209: MEA000208 | AJ209: BEH000208 | AK209: S002 | AL209: Linked in v8 from official WN source | AM209: 447 | AN209: A | AO209: 2 | AP209: N/A | AR209: Official W&N Website
A210: 209 | B210: WNPA-294 | C210: B001 | D210: Winsor And Newton | E210: winsor and newton | F210: Colart | G210: M003 | H210: Acrylic | I210: acrylic | J210: PL004 | K210: Professional Acrylic | L210: professional acrylic | M210: Professional Acrylic | N210: Artist Acrylic | O210: Green Gold | P210: winsor and newton|acrylic|professional acrylic|green gold | Q210: Yellow | R210: PY129 | S210: 1 | T210: Yes | U210: Transparent | V210: T | W210: Permanent | AC210: See official PDF page 2 colour chart | AD210: Winsor And Newton Official Colour Chart | AE210: https://www.winsornewton.com/pages/professional-acrylic-colour | AF210: Verified From Official Source | AG210: Pigment code, opacity, permanence, ASTM and series updated from official Winsor & Newton Professional Acrylic Colour web table. | AH210: PNT000209 | AI210: MEA000209 | AJ210: BEH000209 | AK210: S002 | AL210: Linked in v8 from official WN source | AM210: 294 | AN210: A | AO210: 4 | AP210: N/A | AQ210: ~ | AR210: Official W&N Website
A211: 210 | B211: WNPA-060 | C211: B001 | D211: Winsor And Newton | E211: winsor and newton | F211: Colart | G211: M003 | H211: Acrylic | I211: acrylic | J211: PL004 | K211: Professional Acrylic | L211: professional acrylic | M211: Professional Acrylic | N211: Artist Acrylic | O211: Buff Titanium | P211: winsor and newton|acrylic|professional acrylic|buff titanium | Q211: Earth | R211: PBk11,PW6,PY42 | S211: 3 | T211: No | U211: Opaque | V211: O | W211: Extremely Permanent | AC211: See official PDF page 2 colour chart | AD211: Winsor And Newton Official Colour Chart | AE211: https://www.winsornewton.com/pages/professional-acrylic-colour | AF211: Verified From Official Source | AG211: Pigment code, opacity, permanence, ASTM and series updated from official Winsor & Newton Professional Acrylic Colour web table. | AH211: PNT000210 | AI211: MEA000210 | AJ211: BEH000210 | AK211: S002 | AL211: Linked in v8 from official WN source | AM211: 060 | AN211: AA | AO211: 1 | AP211: I | AR211: Official W&N Website
A212: 211 | B212: WNPA-422 | C212: B001 | D212: Winsor And Newton | E212: winsor and newton | F212: Colart | G212: M003 | H212: Acrylic | I212: acrylic | J212: PL004 | K212: Professional Acrylic | L212: professional acrylic | M212: Professional Acrylic | N212: Artist Acrylic | O212: Naples Yellow | P212: winsor and newton|acrylic|professional acrylic|naples yellow | Q212: Yellow | R212: PBr24,PW6 | S212: 2 | T212: No | U212: Opaque | V212: O | W212: Extremely Permanent | AC212: See official PDF page 2 colour chart | AD212: Winsor And Newton Official Colour Chart | AE212: https://www.winsornewton.com/pages/professional-acrylic-colour | AF212: Verified From Official Source | AG212: Pigment code, opacity, permanence, ASTM and series updated from official Winsor & Newton Professional Acrylic Colour web table. | AH212: PNT000211 | AI212: MEA000211 | AJ212: BEH000211 | AK212: S002 | AL212: Linked in v8 from official WN source | AM212: 422 | AN212: AA | AO212: 2 | AP212: N/A | AR212: Official W&N Website
A213: 212 | B213: WNPA-425 | C213: B001 | D213: Winsor And Newton | E213: winsor and newton | F213: Colart | G213: M003 | H213: Acrylic | I213: acrylic | J213: PL004 | K213: Professional Acrylic | L213: professional acrylic | M213: Professional Acrylic | N213: Artist Acrylic | O213: Naples Yellow Deep | P213: winsor and newton|acrylic|professional acrylic|naples yellow deep | Q213: Yellow | R213: PBr24 | S213: 1 | T213: Yes | U213: Opaque | V213: O | W213: Extremely Permanent | AC213: See official PDF page 2 colour chart | AD213: Winsor And Newton Official Colour Chart | AE213: https://www.winsornewton.com/pages/professional-acrylic-colour | AF213: Verified From Official Source | AG213: Pigment code, opacity, permanence, ASTM and series updated from official Winsor & Newton Professional Acrylic Colour web table. | AH213: PNT000212 | AI213: MEA000212 | AJ213: BEH000212 | AK213: S002 | AL213: Linked in v8 from official WN source | AM213: 425 | AN213: AA | AO213: 2 | AP213: N/A | AQ213: ~ | AR213: Official W&N Website
A214: 213 | B214: WNPA-744 | C214: B001 | D214: Winsor And Newton | E214: winsor and newton | F214: Colart | G214: M003 | H214: Acrylic | I214: acrylic | J214: PL004 | K214: Professional Acrylic | L214: professional acrylic | M214: Professional Acrylic | N214: Artist Acrylic | O214: Yellow Ochre | P214: winsor and newton|acrylic|professional acrylic|yellow ochre | Q214: Yellow | R214: PY43 | S214: 1 | T214: Yes | U214: Semi Transparent | V214: ST | W214: Extremely Permanent | AC214: See official PDF page 2 colour chart | AD214: Winsor And Newton Official Colour Chart | AE214: https://www.winsornewton.com/pages/professional-acrylic-colour | AF214: Verified From Official Source | AG214: Pigment code, opacity, permanence, ASTM and series updated from official Winsor & Newton Professional Acrylic Colour web table. | AH214: PNT000213 | AI214: MEA000213 | AJ214: BEH000213 | AK214: S002 | AL214: Linked in v8 from official WN source | AM214: 744 | AN214: AA | AO214: 1 | AP214: I | AQ214: ~ | AR214: Official W&N Website
A215: 214 | B215: WNPA-737 | C215: B001 | D215: Winsor And Newton | E215: winsor and newton | F215: Colart | G215: M003 | H215: Acrylic | I215: acrylic | J215: PL004 | K215: Professional Acrylic | L215: professional acrylic | M215: Professional Acrylic | N215: Artist Acrylic | O215: Yellow Iron Oxide | P215: winsor and newton|acrylic|professional acrylic|yellow iron oxide | Q215: Yellow | R215: PY42 | S215: 1 | T215: Yes | U215: Opaque | V215: O | W215: Extremely Permanent | AC215: See official PDF page 2 colour chart | AD215: Winsor And Newton Official Colour Chart | AE215: https://www.winsornewton.com/pages/professional-acrylic-colour | AF215: Verified From Official Source | AG215: Pigment code, opacity, permanence, ASTM and series updated from official Winsor & Newton Professional Acrylic Colour web table. | AH215: PNT000214 | AI215: MEA000214 | AJ215: BEH000214 | AK215: S002 | AL215: Linked in v8 from official WN source | AM215: 737 | AN215: AA | AO215: 1 | AP215: I | AQ215: ~ | AR215: Official W&N Website
A216: 215 | B216: WNPA-285 | C216: B001 | D216: Winsor And Newton | E216: winsor and newton | F216: Colart | G216: M003 | H216: Acrylic | I216: acrylic | J216: PL004 | K216: Professional Acrylic | L216: professional acrylic | M216: Professional Acrylic | N216: Artist Acrylic | O216: Gold Ochre | P216: winsor and newton|acrylic|professional acrylic|gold ochre | Q216: Yellow | R216: PY42 | S216: 1 | T216: Yes | U216: Opaque | V216: O | W216: Extremely Permanent | AC216: See official PDF page 2 colour chart | AD216: Winsor And Newton Official Colour Chart | AE216: https://www.winsornewton.com/pages/professional-acrylic-colour | AF216: Verified From Official Source | AG216: Pigment code, opacity, permanence, ASTM and series updated from official Winsor & Newton Professional Acrylic Colour web table. | AH216: PNT000215 | AI216: MEA000215 | AJ216: BEH000215 | AK216: S002 | AL216: Linked in v8 from official WN source | AM216: 285 | AN216: AA | AO216: 1 | AP216: I | AQ216: ~ | AR216: Official W&N Website
A217: 216 | B217: WNPA-547 | C217: B001 | D217: Winsor And Newton | E217: winsor and newton | F217: Colart | G217: M003 | H217: Acrylic | I217: acrylic | J217: PL004 | K217: Professional Acrylic | L217: professional acrylic | M217: Professional Acrylic | N217: Artist Acrylic | O217: Quinacridone Gold | P217: winsor and newton|acrylic|professional acrylic|quinacridone gold | Q217: Yellow | R217: PO48,PY150 | S217: 2 | T217: No | U217: Transparent | V217: T | W217: Permanent | AC217: See official PDF page 2 colour chart | AD217: Winsor And Newton Official Colour Chart | AE217: https://www.winsornewton.com/pages/professional-acrylic-colour | AF217: Verified From Official Source | AG217: Pigment code, opacity, permanence, ASTM and series updated from official Winsor & Newton Professional Acrylic Colour web table. | AH217: PNT000216 | AI217: MEA000216 | AJ217: BEH000216 | AK217: S002 | AL217: Linked in v8 from official WN source | AM217: 547 | AN217: A | AO217: 4 | AP217: I | AR217: Official W&N Website
A218: 217 | B218: WNPA-552 | C218: B001 | D218: Winsor And Newton | E218: winsor and newton | F218: Colart | G218: M003 | H218: Acrylic | I218: acrylic | J218: PL004 | K218: Professional Acrylic | L218: professional acrylic | M218: Professional Acrylic | N218: Artist Acrylic | O218: Raw Sienna | P218: winsor and newton|acrylic|professional acrylic|raw sienna | Q218: Earth | R218: PR101,PY42 | S218: 2 | T218: No | U218: Transparent | V218: T | W218: Extremely Permanent | AC218: See official PDF page 2 colour chart | AD218: Winsor And Newton Official Colour Chart | AE218: https://www.winsornewton.com/pages/professional-acrylic-colour | AF218: Verified From Official Source | AG218: Pigment code, opacity, permanence, ASTM and series updated from official Winsor & Newton Professional Acrylic Colour web table. | AH218: PNT000217 | AI218: MEA000217 | AJ218: BEH000217 | AK218: S002 | AL218: Linked in v8 from official WN source | AM218: 552 | AN218: AA | AO218: 1 | AP218: I | AR218: Official W&N Website
A219: 218 | B219: WNPA-074 | C219: B001 | D219: Winsor And Newton | E219: winsor and newton | F219: Colart | G219: M003 | H219: Acrylic | I219: acrylic | J219: PL004 | K219: Professional Acrylic | L219: professional acrylic | M219: Professional Acrylic | N219: Artist Acrylic | O219: Burnt Sienna | P219: winsor and newton|acrylic|professional acrylic|burnt sienna | Q219: Earth | R219: PR101 | S219: 1 | T219: Yes | U219: Transparent | V219: T | W219: Extremely Permanent | AC219: See official PDF page 2 colour chart | AD219: Winsor And Newton Official Colour Chart | AE219: https://www.winsornewton.com/pages/professional-acrylic-colour | AF219: Verified From Official Source | AG219: Pigment code, opacity, permanence, ASTM and series updated from official Winsor & Newton Professional Acrylic Colour web table. | AH219: PNT000218 | AI219: MEA000218 | AJ219: BEH000218 | AK219: S002 | AL219: Linked in v8 from official WN source | AM219: 074 | AN219: AA | AO219: 1 | AP219: I | AQ219: ~ | AR219: Official W&N Website
A220: 219 | B220: WNPA-537 | C220: B001 | D220: Winsor And Newton | E220: winsor and newton | F220: Colart | G220: M003 | H220: Acrylic | I220: acrylic | J220: PL004 | K220: Professional Acrylic | L220: professional acrylic | M220: Professional Acrylic | N220: Artist Acrylic | O220: Potter’s Pink | P220: winsor and newton|acrylic|professional acrylic|potter’s pink | Q220: Red | R220: PR233 | S220: 1 | T220: Yes | U220: Semi Opaque | V220: SO | W220: Extremely Permanent | AC220: See official PDF page 2 colour chart | AD220: Winsor And Newton Official Colour Chart | AE220: https://www.winsornewton.com/pages/professional-acrylic-colour | AF220: Verified From Official Source | AG220: Pigment code, opacity, permanence, ASTM and series updated from official Winsor & Newton Professional Acrylic Colour web table. | AH220: PNT000219 | AI220: MEA000219 | AJ220: BEH000219 | AK220: S002 | AL220: Linked in v8 from official WN source | AM220: 537 | AN220: AA | AO220: 3 | AP220: N/A | AQ220: ~ | AR220: Official W&N Website
A221: 220 | B221: WNPA-545 | C221: B001 | D221: Winsor And Newton | E221: winsor and newton | F221: Colart | G221: M003 | H221: Acrylic | I221: acrylic | J221: PL004 | K221: Professional Acrylic | L221: professional acrylic | M221: Professional Acrylic | N221: Artist Acrylic | O221: Quinacridone Magenta | P221: winsor and newton|acrylic|professional acrylic|quinacridone magenta | Q221: Red | R221: PV19 | S221: 1 | T221: Yes | U221: Transparent | V221: T | W221: Permanent | AC221: See official PDF page 2 colour chart | AD221: Winsor And Newton Official Colour Chart | AE221: https://www.winsornewton.com/pages/professional-acrylic-colour | AF221: Verified From Official Source | AG221: Pigment code, opacity, permanence, ASTM and series updated from official Winsor & Newton Professional Acrylic Colour web table. | AH221: PNT000220 | AI221: MEA000220 | AJ221: BEH000220 | AK221: S002 | AL221: Linked in v8 from official WN source | AM221: 545 | AN221: A | AO221: 3 | AP221: I | AQ221: ~ | AR221: Official W&N Website
A222: 221 | B222: WNPA-470 | C222: B001 | D222: Winsor And Newton | E222: winsor and newton | F222: Colart | G222: M003 | H222: Acrylic | I222: acrylic | J222: PL004 | K222: Professional Acrylic | L222: professional acrylic | M222: Professional Acrylic | N222: Artist Acrylic | O222: Perylene Violet | P222: winsor and newton|acrylic|professional acrylic|perylene violet | Q222: Violet | R222: PV29 | S222: 1 | T222: Yes | U222: Transparent | V222: T | W222: Permanent | AC222: See official PDF page 2 colour chart | AD222: Winsor And Newton Official Colour Chart | AE222: https://www.winsornewton.com/pages/professional-acrylic-colour | AF222: Verified From Official Source | AG222: Pigment code, opacity, permanence, ASTM and series updated from official Winsor & Newton Professional Acrylic Colour web table. | AH222: PNT000221 | AI222: MEA000221 | AJ222: BEH000221 | AK222: S002 | AL222: Linked in v8 from official WN source | AM222: 470 | AN222: A | AO222: 4 | AP222: N/A | AQ222: ~ | AR222: Official W&N Website
A223: 222 | B223: WNPA-229 | C223: B001 | D223: Winsor And Newton | E223: winsor and newton | F223: Colart | G223: M003 | H223: Acrylic | I223: acrylic | J223: PL004 | K223: Professional Acrylic | L223: professional acrylic | M223: Professional Acrylic | N223: Artist Acrylic | O223: Dioxazine Purple | P223: winsor and newton|acrylic|professional acrylic|dioxazine purple | Q223: Violet | R223: PV23 | S223: 1 | T223: Yes | U223: Transparent | V223: T | W223: Permanent | AC223: See official PDF page 2 colour chart | AD223: Winsor And Newton Official Colour Chart | AE223: https://www.winsornewton.com/pages/professional-acrylic-colour | AF223: Verified From Official Source | AG223: Pigment code, opacity, permanence, ASTM and series updated from official Winsor & Newton Professional Acrylic Colour web table. | AH223: PNT000222 | AI223: MEA000222 | AJ223: BEH000222 | AK223: S002 | AL223: Linked in v8 from official WN source | AM223: 229 | AN223: A | AO223: 3 | AP223: II | AQ223: ~ | AR223: Official W&N Website
A224: 223 | B224: WNPA-672 | C224: B001 | D224: Winsor And Newton | E224: winsor and newton | F224: Colart | G224: M003 | H224: Acrylic | I224: acrylic | J224: PL004 | K224: Professional Acrylic | L224: professional acrylic | M224: Professional Acrylic | N224: Artist Acrylic | O224: Ultramarine Violet | P224: winsor and newton|acrylic|professional acrylic|ultramarine violet | Q224: Violet | R224: PV15 | S224: 1 | T224: Yes | U224: Transparent | V224: T | W224: Permanent | AC224: See official PDF page 2 colour chart | AD224: Winsor And Newton Official Colour Chart | AE224: https://www.winsornewton.com/pages/professional-acrylic-colour | AF224: Verified From Official Source | AG224: Pigment code, opacity, permanence, ASTM and series updated from official Winsor & Newton Professional Acrylic Colour web table. | AH224: PNT000223 | AI224: MEA000223 | AJ224: BEH000223 | AK224: S002 | AL224: Linked in v8 from official WN source | AM224: 672 | AN224: A | AO224: 2 | AP224: I | AQ224: ~ | AR224: Official W&N Website
A225: 224 | B225: WNPA-321 | C225: B001 | D225: Winsor And Newton | E225: winsor and newton | F225: Colart | G225: M003 | H225: Acrylic | I225: acrylic | J225: PL004 | K225: Professional Acrylic | L225: professional acrylic | M225: Professional Acrylic | N225: Artist Acrylic | O225: Indanthrene Blue | P225: winsor and newton|acrylic|professional acrylic|indanthrene blue | Q225: Blue | R225: PB60 | S225: 1 | T225: Yes | U225: Transparent | V225: T | W225: Permanent | AC225: See official PDF page 2 colour chart | AD225: Winsor And Newton Official Colour Chart | AE225: https://www.winsornewton.com/pages/professional-acrylic-colour | AF225: Verified From Official Source | AG225: Pigment code, opacity, permanence, ASTM and series updated from official Winsor & Newton Professional Acrylic Colour web table. | AH225: PNT000224 | AI225: MEA000224 | AJ225: BEH000224 | AK225: S002 | AL225: Linked in v8 from official WN source | AM225: 321 | AN225: A | AO225: 3 | AP225: I | AQ225: ~ | AR225: Official W&N Website
A226: 225 | B226: WNPA-664 | C226: B001 | D226: Winsor And Newton | E226: winsor and newton | F226: Colart | G226: M003 | H226: Acrylic | I226: acrylic | J226: PL004 | K226: Professional Acrylic | L226: professional acrylic | M226: Professional Acrylic | N226: Artist Acrylic | O226: Ultramarine Blue | P226: winsor and newton|acrylic|professional acrylic|ultramarine blue | Q226: Blue | R226: PB29 | S226: 1 | T226: Yes | U226: Transparent | V226: T | W226: Permanent | AC226: See official PDF page 2 colour chart | AD226: Winsor And Newton Official Colour Chart | AE226: https://www.winsornewton.com/pages/professional-acrylic-colour | AF226: Verified From Official Source | AG226: Pigment code, opacity, permanence, ASTM and series updated from official Winsor & Newton Professional Acrylic Colour web table. | AH226: PNT000225 | AI226: MEA000225 | AJ226: BEH000225 | AK226: S002 | AL226: Linked in v8 from official WN source | AM226: 664 | AN226: A | AO226: 2 | AP226: I | AQ226: ~ | AR226: Official W&N Website
A227: 226 | B227: WNPA-180 | C227: B001 | D227: Winsor And Newton | E227: winsor and newton | F227: Colart | G227: M003 | H227: Acrylic | I227: acrylic | J227: PL004 | K227: Professional Acrylic | L227: professional acrylic | M227: Professional Acrylic | N227: Artist Acrylic | O227: Cobalt Blue Deep | P227: winsor and newton|acrylic|professional acrylic|cobalt blue deep | Q227: Blue | R227: PB73 | S227: 1 | T227: Yes | U227: Semi Opaque | V227: SO | W227: Extremely Permanent | AC227: See official PDF page 2 colour chart | AD227: Winsor And Newton Official Colour Chart | AE227: https://www.winsornewton.com/pages/professional-acrylic-colour | AF227: Verified From Official Source | AG227: Pigment code, opacity, permanence, ASTM and series updated from official Winsor & Newton Professional Acrylic Colour web table. | AH227: PNT000226 | AI227: MEA000226 | AJ227: BEH000226 | AK227: S002 | AL227: Linked in v8 from official WN source | AM227: 180 | AN227: AA | AO227: 5 | AP227: I | AQ227: ~ | AR227: Official W&N Website
...

Sheet Source_Audit
A1: Audit Item | B1: Finding | C1: Source Notes | D1: Source_ID | E1: Source_Name | F1: Source_URL | G1: Notes
A2: Data source | B2: Sensual Logic Artist Color Data | C2: Source page states RGB values are measured mass tone RGB values using a spectrophotometer.
